"","ID","Temperature","Position","Radiances_raw","imgname","Date","Tree.ID","Table","Row","Line","Treatment","Tree.Species"
"1",1,27.9832935333252,"Tree_Shade",14579,"ThermalCamera2023-08-11_10-18-07+0200_B40_D_temperature","2023-08-11","B40",2,"R5",12,"D","Fagus Sylvatica"
"2",2,27.9257431030273,"Tree_Shade",14570,"ThermalCamera2023-08-11_10-18-07+0200_B40_D_temperature","2023-08-11","B40",2,"R5",12,"D","Fagus Sylvatica"
"3",3,27.9705066680908,"Tree_Shade",14577,"ThermalCamera2023-08-11_10-18-07+0200_B40_D_temperature","2023-08-11","B40",2,"R5",12,"D","Fagus Sylvatica"
"4",4,27.7208709716797,"Tree_Shade",14538,"ThermalCamera2023-08-11_10-18-07+0200_B40_D_temperature","2023-08-11","B40",2,"R5",12,"D","Fagus Sylvatica"
"5",5,27.9960765838623,"Tree_Shade",14581,"ThermalCamera2023-08-11_10-18-07+0200_B40_D_temperature","2023-08-11","B40",2,"R5",12,"D","Fagus Sylvatica"
"6",6,29.9718551635742,"Black_Shade",14893,"ThermalCamera2023-08-11_10-18-07+0200_B40_D_temperature","2023-08-11","B40",2,"R5",12,"D","Fagus Sylvatica"
"7",7,30.272611618042,"Black_Shade",14941,"ThermalCamera2023-08-11_10-18-07+0200_B40_D_temperature","2023-08-11","B40",2,"R5",12,"D","Fagus Sylvatica"
"8",8,29.9153709411621,"Black_Shade",14884,"ThermalCamera2023-08-11_10-18-07+0200_B40_D_temperature","2023-08-11","B40",2,"R5",12,"D","Fagus Sylvatica"
"9",9,30.08473777771,"Black_Shade",14911,"ThermalCamera2023-08-11_10-18-07+0200_B40_D_temperature","2023-08-11","B40",2,"R5",12,"D","Fagus Sylvatica"
"10",10,29.5002346038818,"Black_Shade",14818,"ThermalCamera2023-08-11_10-18-07+0200_B40_D_temperature","2023-08-11","B40",2,"R5",12,"D","Fagus Sylvatica"
"11",11,24.0756530761719,"Green_Wet_Shade",13979,"ThermalCamera2023-08-11_10-18-07+0200_B40_D_temperature","2023-08-11","B40",2,"R5",12,"D","Fagus Sylvatica"
"12",12,23.8430824279785,"Green_Wet_Shade",13944,"ThermalCamera2023-08-11_10-18-07+0200_B40_D_temperature","2023-08-11","B40",2,"R5",12,"D","Fagus Sylvatica"
"13",13,23.7698783874512,"Green_Wet_Shade",13933,"ThermalCamera2023-08-11_10-18-07+0200_B40_D_temperature","2023-08-11","B40",2,"R5",12,"D","Fagus Sylvatica"
"14",14,24.0026168823242,"Green_Wet_Shade",13968,"ThermalCamera2023-08-11_10-18-07+0200_B40_D_temperature","2023-08-11","B40",2,"R5",12,"D","Fagus Sylvatica"
"15",15,23.2894287109375,"Green_Wet_Shade",13861,"ThermalCamera2023-08-11_10-18-07+0200_B40_D_temperature","2023-08-11","B40",2,"R5",12,"D","Fagus Sylvatica"
"16",16,29.4308891296387,"Green_Dry_Shade",14807,"ThermalCamera2023-08-11_10-18-07+0200_B40_D_temperature","2023-08-11","B40",2,"R5",12,"D","Fagus Sylvatica"
"17",17,29.7205829620361,"Green_Dry_Shade",14853,"ThermalCamera2023-08-11_10-18-07+0200_B40_D_temperature","2023-08-11","B40",2,"R5",12,"D","Fagus Sylvatica"
"18",18,29.4245834350586,"Green_Dry_Shade",14806,"ThermalCamera2023-08-11_10-18-07+0200_B40_D_temperature","2023-08-11","B40",2,"R5",12,"D","Fagus Sylvatica"
"19",19,29.2478523254395,"Green_Dry_Shade",14778,"ThermalCamera2023-08-11_10-18-07+0200_B40_D_temperature","2023-08-11","B40",2,"R5",12,"D","Fagus Sylvatica"
"20",20,29.298376083374,"Green_Dry_Shade",14786,"ThermalCamera2023-08-11_10-18-07+0200_B40_D_temperature","2023-08-11","B40",2,"R5",12,"D","Fagus Sylvatica"
"21",21,28.7032032012939,"Silver_Shade",14692,"ThermalCamera2023-08-11_10-18-07+0200_B40_D_temperature","2023-08-11","B40",2,"R5",12,"D","Fagus Sylvatica"
"22",22,29.1657009124756,"Silver_Shade",14765,"ThermalCamera2023-08-11_10-18-07+0200_B40_D_temperature","2023-08-11","B40",2,"R5",12,"D","Fagus Sylvatica"
"23",23,29.0581741333008,"Silver_Shade",14748,"ThermalCamera2023-08-11_10-18-07+0200_B40_D_temperature","2023-08-11","B40",2,"R5",12,"D","Fagus Sylvatica"
"24",24,29.0771579742432,"Silver_Shade",14751,"ThermalCamera2023-08-11_10-18-07+0200_B40_D_temperature","2023-08-11","B40",2,"R5",12,"D","Fagus Sylvatica"
"25",25,28.7920570373535,"Silver_Shade",14706,"ThermalCamera2023-08-11_10-18-07+0200_B40_D_temperature","2023-08-11","B40",2,"R5",12,"D","Fagus Sylvatica"
"26",1,33.7455863952637,"Tree_Sun",15505,"ThermalCamera2023-08-11_10-26-59+0200_B38_D_temperature","2023-08-11","B38",2,"R6",4,"D","Fagus Sylvatica"
"27",2,32.2995910644531,"Tree_Sun",15268,"ThermalCamera2023-08-11_10-26-59+0200_B38_D_temperature","2023-08-11","B38",2,"R6",4,"D","Fagus Sylvatica"
"28",3,35.6507415771484,"Tree_Sun",15822,"ThermalCamera2023-08-11_10-26-59+0200_B38_D_temperature","2023-08-11","B38",2,"R6",4,"D","Fagus Sylvatica"
"29",4,39.5463371276855,"Tree_Sun",16487,"ThermalCamera2023-08-11_10-26-59+0200_B38_D_temperature","2023-08-11","B38",2,"R6",4,"D","Fagus Sylvatica"
"30",5,33.6667594909668,"Tree_Sun",15492,"ThermalCamera2023-08-11_10-26-59+0200_B38_D_temperature","2023-08-11","B38",2,"R6",4,"D","Fagus Sylvatica"
"31",6,28.7920570373535,"Tree_Shade",14706,"ThermalCamera2023-08-11_10-26-59+0200_B38_D_temperature","2023-08-11","B38",2,"R6",4,"D","Fagus Sylvatica"
"32",7,28.9061889648438,"Tree_Shade",14724,"ThermalCamera2023-08-11_10-26-59+0200_B38_D_temperature","2023-08-11","B38",2,"R6",4,"D","Fagus Sylvatica"
"33",8,29.5254402160645,"Tree_Shade",14822,"ThermalCamera2023-08-11_10-26-59+0200_B38_D_temperature","2023-08-11","B38",2,"R6",4,"D","Fagus Sylvatica"
"34",9,28.550708770752,"Tree_Shade",14668,"ThermalCamera2023-08-11_10-26-59+0200_B38_D_temperature","2023-08-11","B38",2,"R6",4,"D","Fagus Sylvatica"
"35",10,28.7857131958008,"Tree_Shade",14705,"ThermalCamera2023-08-11_10-26-59+0200_B38_D_temperature","2023-08-11","B38",2,"R6",4,"D","Fagus Sylvatica"
"36",11,44.9176940917969,"Black_Sun",17441,"ThermalCamera2023-08-11_10-26-59+0200_B38_D_temperature","2023-08-11","B38",2,"R6",4,"D","Fagus Sylvatica"
"37",12,46.2593231201172,"Black_Sun",17686,"ThermalCamera2023-08-11_10-26-59+0200_B38_D_temperature","2023-08-11","B38",2,"R6",4,"D","Fagus Sylvatica"
"38",13,47.2195587158203,"Black_Sun",17863,"ThermalCamera2023-08-11_10-26-59+0200_B38_D_temperature","2023-08-11","B38",2,"R6",4,"D","Fagus Sylvatica"
"39",14,47.160099029541,"Black_Sun",17852,"ThermalCamera2023-08-11_10-26-59+0200_B38_D_temperature","2023-08-11","B38",2,"R6",4,"D","Fagus Sylvatica"
"40",15,47.3653831481934,"Black_Sun",17890,"ThermalCamera2023-08-11_10-26-59+0200_B38_D_temperature","2023-08-11","B38",2,"R6",4,"D","Fagus Sylvatica"
"41",16,29.380428314209,"Green_Wet_Sun",14799,"ThermalCamera2023-08-11_10-26-59+0200_B38_D_temperature","2023-08-11","B38",2,"R6",4,"D","Fagus Sylvatica"
"42",17,30.1473979949951,"Green_Wet_Sun",14921,"ThermalCamera2023-08-11_10-26-59+0200_B38_D_temperature","2023-08-11","B38",2,"R6",4,"D","Fagus Sylvatica"
"43",18,30.6723194122314,"Green_Wet_Sun",15005,"ThermalCamera2023-08-11_10-26-59+0200_B38_D_temperature","2023-08-11","B38",2,"R6",4,"D","Fagus Sylvatica"
"44",19,30.6972503662109,"Green_Wet_Sun",15009,"ThermalCamera2023-08-11_10-26-59+0200_B38_D_temperature","2023-08-11","B38",2,"R6",4,"D","Fagus Sylvatica"
"45",20,30.7408695220947,"Green_Wet_Sun",15016,"ThermalCamera2023-08-11_10-26-59+0200_B38_D_temperature","2023-08-11","B38",2,"R6",4,"D","Fagus Sylvatica"
"46",21,30.0659332275391,"Silver_Sun",14908,"ThermalCamera2023-08-11_10-26-59+0200_B38_D_temperature","2023-08-11","B38",2,"R6",4,"D","Fagus Sylvatica"
"47",22,30.1849784851074,"Silver_Sun",14927,"ThermalCamera2023-08-11_10-26-59+0200_B38_D_temperature","2023-08-11","B38",2,"R6",4,"D","Fagus Sylvatica"
"48",23,29.9655818939209,"Silver_Sun",14892,"ThermalCamera2023-08-11_10-26-59+0200_B38_D_temperature","2023-08-11","B38",2,"R6",4,"D","Fagus Sylvatica"
"49",24,29.7080039978027,"Silver_Sun",14851,"ThermalCamera2023-08-11_10-26-59+0200_B38_D_temperature","2023-08-11","B38",2,"R6",4,"D","Fagus Sylvatica"
"50",25,29.9718551635742,"Silver_Sun",14893,"ThermalCamera2023-08-11_10-26-59+0200_B38_D_temperature","2023-08-11","B38",2,"R6",4,"D","Fagus Sylvatica"
"51",26,37.6004371643066,"Green_Dry_Sun",16152,"ThermalCamera2023-08-11_10-26-59+0200_B38_D_temperature","2023-08-11","B38",2,"R6",4,"D","Fagus Sylvatica"
"52",27,39.3387870788574,"Green_Dry_Sun",16451,"ThermalCamera2023-08-11_10-26-59+0200_B38_D_temperature","2023-08-11","B38",2,"R6",4,"D","Fagus Sylvatica"
"53",28,37.6648597717285,"Green_Dry_Sun",16163,"ThermalCamera2023-08-11_10-26-59+0200_B38_D_temperature","2023-08-11","B38",2,"R6",4,"D","Fagus Sylvatica"
"54",29,37.822826385498,"Green_Dry_Sun",16190,"ThermalCamera2023-08-11_10-26-59+0200_B38_D_temperature","2023-08-11","B38",2,"R6",4,"D","Fagus Sylvatica"
"55",30,39.2752952575684,"Green_Dry_Sun",16440,"ThermalCamera2023-08-11_10-26-59+0200_B38_D_temperature","2023-08-11","B38",2,"R6",4,"D","Fagus Sylvatica"
"56",1,38.986255645752,"Tree_Sun",16390,"ThermalCamera2023-08-11_10-29-46+0200_B37_D_temperature","2023-08-11","B37",2,"R6",8,"D","Fagus Sylvatica"
"57",2,40.590015411377,"Tree_Sun",16669,"ThermalCamera2023-08-11_10-29-46+0200_B37_D_temperature","2023-08-11","B37",2,"R6",8,"D","Fagus Sylvatica"
"58",3,39.7995109558105,"Tree_Sun",16531,"ThermalCamera2023-08-11_10-29-46+0200_B37_D_temperature","2023-08-11","B37",2,"R6",8,"D","Fagus Sylvatica"
"59",4,38.6036186218262,"Tree_Sun",16324,"ThermalCamera2023-08-11_10-29-46+0200_B37_D_temperature","2023-08-11","B37",2,"R6",8,"D","Fagus Sylvatica"
"60",5,37.939697265625,"Tree_Sun",16210,"ThermalCamera2023-08-11_10-29-46+0200_B37_D_temperature","2023-08-11","B37",2,"R6",8,"D","Fagus Sylvatica"
"61",6,53.234432220459,"Black_Sun",19003,"ThermalCamera2023-08-11_10-29-46+0200_B37_D_temperature","2023-08-11","B37",2,"R6",8,"D","Fagus Sylvatica"
"62",7,52.2825622558594,"Black_Sun",18819,"ThermalCamera2023-08-11_10-29-46+0200_B37_D_temperature","2023-08-11","B37",2,"R6",8,"D","Fagus Sylvatica"
"63",8,54.5217971801758,"Black_Sun",19254,"ThermalCamera2023-08-11_10-29-46+0200_B37_D_temperature","2023-08-11","B37",2,"R6",8,"D","Fagus Sylvatica"
"64",9,54.2152099609375,"Black_Sun",19194,"ThermalCamera2023-08-11_10-29-46+0200_B37_D_temperature","2023-08-11","B37",2,"R6",8,"D","Fagus Sylvatica"
"65",10,52.2514038085938,"Black_Sun",18813,"ThermalCamera2023-08-11_10-29-46+0200_B37_D_temperature","2023-08-11","B37",2,"R6",8,"D","Fagus Sylvatica"
"66",11,32.5572280883789,"Silver_Sun",15310,"ThermalCamera2023-08-11_10-29-46+0200_B37_D_temperature","2023-08-11","B37",2,"R6",8,"D","Fagus Sylvatica"
"67",12,32.5204620361328,"Silver_Sun",15304,"ThermalCamera2023-08-11_10-29-46+0200_B37_D_temperature","2023-08-11","B37",2,"R6",8,"D","Fagus Sylvatica"
"68",13,32.7470054626465,"Silver_Sun",15341,"ThermalCamera2023-08-11_10-29-46+0200_B37_D_temperature","2023-08-11","B37",2,"R6",8,"D","Fagus Sylvatica"
"69",14,32.4530220031738,"Silver_Sun",15293,"ThermalCamera2023-08-11_10-29-46+0200_B37_D_temperature","2023-08-11","B37",2,"R6",8,"D","Fagus Sylvatica"
"70",15,32.3671264648438,"Silver_Sun",15279,"ThermalCamera2023-08-11_10-29-46+0200_B37_D_temperature","2023-08-11","B37",2,"R6",8,"D","Fagus Sylvatica"
"71",16,35.5374603271484,"Green_Wet_Sun",15803,"ThermalCamera2023-08-11_10-29-46+0200_B37_D_temperature","2023-08-11","B37",2,"R6",8,"D","Fagus Sylvatica"
"72",17,35.1490516662598,"Green_Wet_Sun",15738,"ThermalCamera2023-08-11_10-29-46+0200_B37_D_temperature","2023-08-11","B37",2,"R6",8,"D","Fagus Sylvatica"
"73",18,35.7877235412598,"Green_Wet_Sun",15845,"ThermalCamera2023-08-11_10-29-46+0200_B37_D_temperature","2023-08-11","B37",2,"R6",8,"D","Fagus Sylvatica"
"74",19,34.5789489746094,"Green_Wet_Sun",15643,"ThermalCamera2023-08-11_10-29-46+0200_B37_D_temperature","2023-08-11","B37",2,"R6",8,"D","Fagus Sylvatica"
"75",20,34.9333534240723,"Green_Wet_Sun",15702,"ThermalCamera2023-08-11_10-29-46+0200_B37_D_temperature","2023-08-11","B37",2,"R6",8,"D","Fagus Sylvatica"
"76",21,41.6075286865234,"Green_Dry_Sun",16848,"ThermalCamera2023-08-11_10-29-46+0200_B37_D_temperature","2023-08-11","B37",2,"R6",8,"D","Fagus Sylvatica"
"77",22,42.1552848815918,"Green_Dry_Sun",16945,"ThermalCamera2023-08-11_10-29-46+0200_B37_D_temperature","2023-08-11","B37",2,"R6",8,"D","Fagus Sylvatica"
"78",23,42.5265502929688,"Green_Dry_Sun",17011,"ThermalCamera2023-08-11_10-29-46+0200_B37_D_temperature","2023-08-11","B37",2,"R6",8,"D","Fagus Sylvatica"
"79",24,41.6131896972656,"Green_Dry_Sun",16849,"ThermalCamera2023-08-11_10-29-46+0200_B37_D_temperature","2023-08-11","B37",2,"R6",8,"D","Fagus Sylvatica"
"80",25,42.0820198059082,"Green_Dry_Sun",16932,"ThermalCamera2023-08-11_10-29-46+0200_B37_D_temperature","2023-08-11","B37",2,"R6",8,"D","Fagus Sylvatica"
"81",1,31.0332813262939,"Tree_Shade",15063,"ThermalCamera2023-08-11_10-33-11+0200_B26_D_temperature","2023-08-11","B26",2,"R6",10,"D","Fagus Sylvatica"
"82",2,30.3289089202881,"Tree_Shade",14950,"ThermalCamera2023-08-11_10-33-11+0200_B26_D_temperature","2023-08-11","B26",2,"R6",10,"D","Fagus Sylvatica"
"83",3,30.0157680511475,"Tree_Shade",14900,"ThermalCamera2023-08-11_10-33-11+0200_B26_D_temperature","2023-08-11","B26",2,"R6",10,"D","Fagus Sylvatica"
"84",4,30.1912403106689,"Tree_Shade",14928,"ThermalCamera2023-08-11_10-33-11+0200_B26_D_temperature","2023-08-11","B26",2,"R6",10,"D","Fagus Sylvatica"
"85",5,30.3539218902588,"Tree_Shade",14954,"ThermalCamera2023-08-11_10-33-11+0200_B26_D_temperature","2023-08-11","B26",2,"R6",10,"D","Fagus Sylvatica"
"86",6,45.1817054748535,"Black_Sun",17489,"ThermalCamera2023-08-11_10-33-11+0200_B26_D_temperature","2023-08-11","B26",2,"R6",10,"D","Fagus Sylvatica"
"87",7,45.3299598693848,"Black_Sun",17516,"ThermalCamera2023-08-11_10-33-11+0200_B26_D_temperature","2023-08-11","B26",2,"R6",10,"D","Fagus Sylvatica"
"88",8,45.2805633544922,"Black_Sun",17507,"ThermalCamera2023-08-11_10-33-11+0200_B26_D_temperature","2023-08-11","B26",2,"R6",10,"D","Fagus Sylvatica"
"89",9,44.9782447814941,"Black_Sun",17452,"ThermalCamera2023-08-11_10-33-11+0200_B26_D_temperature","2023-08-11","B26",2,"R6",10,"D","Fagus Sylvatica"
"90",10,45.2366371154785,"Black_Sun",17499,"ThermalCamera2023-08-11_10-33-11+0200_B26_D_temperature","2023-08-11","B26",2,"R6",10,"D","Fagus Sylvatica"
"91",11,31.702241897583,"Silver_Sun",15171,"ThermalCamera2023-08-11_10-33-11+0200_B26_D_temperature","2023-08-11","B26",2,"R6",10,"D","Fagus Sylvatica"
"92",12,31.8133373260498,"Silver_Sun",15189,"ThermalCamera2023-08-11_10-33-11+0200_B26_D_temperature","2023-08-11","B26",2,"R6",10,"D","Fagus Sylvatica"
"93",13,32.2443046569824,"Silver_Sun",15259,"ThermalCamera2023-08-11_10-33-11+0200_B26_D_temperature","2023-08-11","B26",2,"R6",10,"D","Fagus Sylvatica"
"94",14,32.3118743896484,"Silver_Sun",15270,"ThermalCamera2023-08-11_10-33-11+0200_B26_D_temperature","2023-08-11","B26",2,"R6",10,"D","Fagus Sylvatica"
"95",15,32.4836807250977,"Silver_Sun",15298,"ThermalCamera2023-08-11_10-33-11+0200_B26_D_temperature","2023-08-11","B26",2,"R6",10,"D","Fagus Sylvatica"
"96",16,31.7207660675049,"Green_Wet_Sun",15174,"ThermalCamera2023-08-11_10-33-11+0200_B26_D_temperature","2023-08-11","B26",2,"R6",10,"D","Fagus Sylvatica"
"97",17,31.8256740570068,"Green_Wet_Sun",15191,"ThermalCamera2023-08-11_10-33-11+0200_B26_D_temperature","2023-08-11","B26",2,"R6",10,"D","Fagus Sylvatica"
"98",18,32.2750205993652,"Green_Wet_Sun",15264,"ThermalCamera2023-08-11_10-33-11+0200_B26_D_temperature","2023-08-11","B26",2,"R6",10,"D","Fagus Sylvatica"
"99",19,31.4363880157471,"Green_Wet_Sun",15128,"ThermalCamera2023-08-11_10-33-11+0200_B26_D_temperature","2023-08-11","B26",2,"R6",10,"D","Fagus Sylvatica"
"100",20,31.1884994506836,"Green_Wet_Sun",15088,"ThermalCamera2023-08-11_10-33-11+0200_B26_D_temperature","2023-08-11","B26",2,"R6",10,"D","Fagus Sylvatica"
"101",21,41.7602500915527,"Green_Dry_Sun",16875,"ThermalCamera2023-08-11_10-33-11+0200_B26_D_temperature","2023-08-11","B26",2,"R6",10,"D","Fagus Sylvatica"
"102",22,41.4432716369629,"Green_Dry_Sun",16819,"ThermalCamera2023-08-11_10-33-11+0200_B26_D_temperature","2023-08-11","B26",2,"R6",10,"D","Fagus Sylvatica"
"103",23,42.7958374023438,"Green_Dry_Sun",17059,"ThermalCamera2023-08-11_10-33-11+0200_B26_D_temperature","2023-08-11","B26",2,"R6",10,"D","Fagus Sylvatica"
"104",24,43.4385528564453,"Green_Dry_Sun",17174,"ThermalCamera2023-08-11_10-33-11+0200_B26_D_temperature","2023-08-11","B26",2,"R6",10,"D","Fagus Sylvatica"
"105",25,42.1890830993652,"Green_Dry_Sun",16951,"ThermalCamera2023-08-11_10-33-11+0200_B26_D_temperature","2023-08-11","B26",2,"R6",10,"D","Fagus Sylvatica"
"106",26,34.9753265380859,"Tree_Sun",15709,"ThermalCamera2023-08-11_10-33-11+0200_B26_D_temperature","2023-08-11","B26",2,"R6",10,"D","Fagus Sylvatica"
"107",27,37.494945526123,"Tree_Sun",16134,"ThermalCamera2023-08-11_10-33-11+0200_B26_D_temperature","2023-08-11","B26",2,"R6",10,"D","Fagus Sylvatica"
"108",28,36.2806625366211,"Tree_Sun",15928,"ThermalCamera2023-08-11_10-33-11+0200_B26_D_temperature","2023-08-11","B26",2,"R6",10,"D","Fagus Sylvatica"
"109",29,38.5861968994141,"Tree_Sun",16321,"ThermalCamera2023-08-11_10-33-11+0200_B26_D_temperature","2023-08-11","B26",2,"R6",10,"D","Fagus Sylvatica"
"110",30,34.8913650512695,"Tree_Sun",15695,"ThermalCamera2023-08-11_10-33-11+0200_B26_D_temperature","2023-08-11","B26",2,"R6",10,"D","Fagus Sylvatica"
"111",1,33.6303558349609,"Tree_Sun",15486,"ThermalCamera2023-08-11_10-40-03+0200_B31_W_temperature","2023-08-11","B31",2,"R7",3,"W","Fagus Sylvatica"
"112",2,32.0905799865723,"Tree_Sun",15234,"ThermalCamera2023-08-11_10-40-03+0200_B31_W_temperature","2023-08-11","B31",2,"R7",3,"W","Fagus Sylvatica"
"113",3,32.6797027587891,"Tree_Sun",15330,"ThermalCamera2023-08-11_10-40-03+0200_B31_W_temperature","2023-08-11","B31",2,"R7",3,"W","Fagus Sylvatica"
"114",4,31.3434963226318,"Tree_Sun",15113,"ThermalCamera2023-08-11_10-40-03+0200_B31_W_temperature","2023-08-11","B31",2,"R7",3,"W","Fagus Sylvatica"
"115",5,33.6424942016602,"Tree_Sun",15488,"ThermalCamera2023-08-11_10-40-03+0200_B31_W_temperature","2023-08-11","B31",2,"R7",3,"W","Fagus Sylvatica"
"116",6,27.4577960968018,"Tree_Shade",14497,"ThermalCamera2023-08-11_10-40-03+0200_B31_W_temperature","2023-08-11","B31",2,"R7",3,"W","Fagus Sylvatica"
"117",7,28.079137802124,"Tree_Shade",14594,"ThermalCamera2023-08-11_10-40-03+0200_B31_W_temperature","2023-08-11","B31",2,"R7",3,"W","Fagus Sylvatica"
"118",8,27.6952342987061,"Tree_Shade",14534,"ThermalCamera2023-08-11_10-40-03+0200_B31_W_temperature","2023-08-11","B31",2,"R7",3,"W","Fagus Sylvatica"
"119",9,27.4320945739746,"Tree_Shade",14493,"ThermalCamera2023-08-11_10-40-03+0200_B31_W_temperature","2023-08-11","B31",2,"R7",3,"W","Fagus Sylvatica"
"120",10,27.663179397583,"Tree_Shade",14529,"ThermalCamera2023-08-11_10-40-03+0200_B31_W_temperature","2023-08-11","B31",2,"R7",3,"W","Fagus Sylvatica"
"121",11,46.4117240905762,"Black_Sun",17714,"ThermalCamera2023-08-11_10-40-03+0200_B31_W_temperature","2023-08-11","B31",2,"R7",3,"W","Fagus Sylvatica"
"122",12,47.2951927185059,"Black_Sun",17877,"ThermalCamera2023-08-11_10-40-03+0200_B31_W_temperature","2023-08-11","B31",2,"R7",3,"W","Fagus Sylvatica"
"123",13,47.4625053405762,"Black_Sun",17908,"ThermalCamera2023-08-11_10-40-03+0200_B31_W_temperature","2023-08-11","B31",2,"R7",3,"W","Fagus Sylvatica"
"124",14,46.7864799499512,"Black_Sun",17783,"ThermalCamera2023-08-11_10-40-03+0200_B31_W_temperature","2023-08-11","B31",2,"R7",3,"W","Fagus Sylvatica"
"125",15,47.9899482727051,"Black_Sun",18006,"ThermalCamera2023-08-11_10-40-03+0200_B31_W_temperature","2023-08-11","B31",2,"R7",3,"W","Fagus Sylvatica"
"126",16,39.1308670043945,"Black_Shade",16415,"ThermalCamera2023-08-11_10-40-03+0200_B31_W_temperature","2023-08-11","B31",2,"R7",3,"W","Fagus Sylvatica"
"127",17,39.1250839233398,"Black_Shade",16414,"ThermalCamera2023-08-11_10-40-03+0200_B31_W_temperature","2023-08-11","B31",2,"R7",3,"W","Fagus Sylvatica"
"128",18,39.1019592285156,"Black_Shade",16410,"ThermalCamera2023-08-11_10-40-03+0200_B31_W_temperature","2023-08-11","B31",2,"R7",3,"W","Fagus Sylvatica"
"129",19,39.321475982666,"Black_Shade",16448,"ThermalCamera2023-08-11_10-40-03+0200_B31_W_temperature","2023-08-11","B31",2,"R7",3,"W","Fagus Sylvatica"
"130",20,39.1482086181641,"Black_Shade",16418,"ThermalCamera2023-08-11_10-40-03+0200_B31_W_temperature","2023-08-11","B31",2,"R7",3,"W","Fagus Sylvatica"
"131",21,31.918155670166,"Silver_Sun",15206,"ThermalCamera2023-08-11_10-40-03+0200_B31_W_temperature","2023-08-11","B31",2,"R7",3,"W","Fagus Sylvatica"
"132",22,31.5539379119873,"Silver_Sun",15147,"ThermalCamera2023-08-11_10-40-03+0200_B31_W_temperature","2023-08-11","B31",2,"R7",3,"W","Fagus Sylvatica"
"133",23,31.3434963226318,"Silver_Sun",15113,"ThermalCamera2023-08-11_10-40-03+0200_B31_W_temperature","2023-08-11","B31",2,"R7",3,"W","Fagus Sylvatica"
"134",24,31.5539379119873,"Silver_Sun",15147,"ThermalCamera2023-08-11_10-40-03+0200_B31_W_temperature","2023-08-11","B31",2,"R7",3,"W","Fagus Sylvatica"
"135",25,31.6095752716064,"Silver_Sun",15156,"ThermalCamera2023-08-11_10-40-03+0200_B31_W_temperature","2023-08-11","B31",2,"R7",3,"W","Fagus Sylvatica"
"136",26,34.2354888916016,"Green_Wet_Sun",15586,"ThermalCamera2023-08-11_10-40-03+0200_B31_W_temperature","2023-08-11","B31",2,"R7",3,"W","Fagus Sylvatica"
"137",27,33.6485595703125,"Green_Wet_Sun",15489,"ThermalCamera2023-08-11_10-40-03+0200_B31_W_temperature","2023-08-11","B31",2,"R7",3,"W","Fagus Sylvatica"
"138",28,33.9998779296875,"Green_Wet_Sun",15547,"ThermalCamera2023-08-11_10-40-03+0200_B31_W_temperature","2023-08-11","B31",2,"R7",3,"W","Fagus Sylvatica"
"139",29,33.527156829834,"Green_Wet_Sun",15469,"ThermalCamera2023-08-11_10-40-03+0200_B31_W_temperature","2023-08-11","B31",2,"R7",3,"W","Fagus Sylvatica"
"140",30,34.6390991210938,"Green_Wet_Sun",15653,"ThermalCamera2023-08-11_10-40-03+0200_B31_W_temperature","2023-08-11","B31",2,"R7",3,"W","Fagus Sylvatica"
"141",31,44.5095481872559,"Green_Dry_Sun",17367,"ThermalCamera2023-08-11_10-40-03+0200_B31_W_temperature","2023-08-11","B31",2,"R7",3,"W","Fagus Sylvatica"
"142",32,45.2366371154785,"Green_Dry_Sun",17499,"ThermalCamera2023-08-11_10-40-03+0200_B31_W_temperature","2023-08-11","B31",2,"R7",3,"W","Fagus Sylvatica"
"143",33,44.2938919067383,"Green_Dry_Sun",17328,"ThermalCamera2023-08-11_10-40-03+0200_B31_W_temperature","2023-08-11","B31",2,"R7",3,"W","Fagus Sylvatica"
"144",34,43.0197792053223,"Green_Dry_Sun",17099,"ThermalCamera2023-08-11_10-40-03+0200_B31_W_temperature","2023-08-11","B31",2,"R7",3,"W","Fagus Sylvatica"
"145",35,43.5388412475586,"Green_Dry_Sun",17192,"ThermalCamera2023-08-11_10-40-03+0200_B31_W_temperature","2023-08-11","B31",2,"R7",3,"W","Fagus Sylvatica"
"146",1,42.5209312438965,"Tree_Sun",17010,"ThermalCamera2023-08-11_10-42-39+0200_B1_D_temperature","2023-08-11","B1",2,"R7",6,"D","Fagus Sylvatica"
"147",2,40.4014663696289,"Tree_Sun",16636,"ThermalCamera2023-08-11_10-42-39+0200_B1_D_temperature","2023-08-11","B1",2,"R7",6,"D","Fagus Sylvatica"
"148",3,41.2163391113281,"Tree_Sun",16779,"ThermalCamera2023-08-11_10-42-39+0200_B1_D_temperature","2023-08-11","B1",2,"R7",6,"D","Fagus Sylvatica"
"149",4,41.6414833068848,"Tree_Sun",16854,"ThermalCamera2023-08-11_10-42-39+0200_B1_D_temperature","2023-08-11","B1",2,"R7",6,"D","Fagus Sylvatica"
"150",5,42.9302520751953,"Tree_Sun",17083,"ThermalCamera2023-08-11_10-42-39+0200_B1_D_temperature","2023-08-11","B1",2,"R7",6,"D","Fagus Sylvatica"
"151",6,31.6281147003174,"Tree_Shade",15159,"ThermalCamera2023-08-11_10-42-39+0200_B1_D_temperature","2023-08-11","B1",2,"R7",6,"D","Fagus Sylvatica"
"152",7,31.4735240936279,"Tree_Shade",15134,"ThermalCamera2023-08-11_10-42-39+0200_B1_D_temperature","2023-08-11","B1",2,"R7",6,"D","Fagus Sylvatica"
"153",8,30.964916229248,"Tree_Shade",15052,"ThermalCamera2023-08-11_10-42-39+0200_B1_D_temperature","2023-08-11","B1",2,"R7",6,"D","Fagus Sylvatica"
"154",9,31.4116249084473,"Tree_Shade",15124,"ThermalCamera2023-08-11_10-42-39+0200_B1_D_temperature","2023-08-11","B1",2,"R7",6,"D","Fagus Sylvatica"
"155",10,31.794828414917,"Tree_Shade",15186,"ThermalCamera2023-08-11_10-42-39+0200_B1_D_temperature","2023-08-11","B1",2,"R7",6,"D","Fagus Sylvatica"
"156",11,46.2919960021973,"Black_Sun",17692,"ThermalCamera2023-08-11_10-42-39+0200_B1_D_temperature","2023-08-11","B1",2,"R7",6,"D","Fagus Sylvatica"
"157",12,46.8569564819336,"Black_Sun",17796,"ThermalCamera2023-08-11_10-42-39+0200_B1_D_temperature","2023-08-11","B1",2,"R7",6,"D","Fagus Sylvatica"
"158",13,51.0513229370117,"Black_Sun",18583,"ThermalCamera2023-08-11_10-42-39+0200_B1_D_temperature","2023-08-11","B1",2,"R7",6,"D","Fagus Sylvatica"
"159",14,51.276538848877,"Black_Sun",18626,"ThermalCamera2023-08-11_10-42-39+0200_B1_D_temperature","2023-08-11","B1",2,"R7",6,"D","Fagus Sylvatica"
"160",15,49.7869491577148,"Black_Sun",18343,"ThermalCamera2023-08-11_10-42-39+0200_B1_D_temperature","2023-08-11","B1",2,"R7",6,"D","Fagus Sylvatica"
"161",16,35.7877235412598,"Green_Wet_Sun",15845,"ThermalCamera2023-08-11_10-42-39+0200_B1_D_temperature","2023-08-11","B1",2,"R7",6,"D","Fagus Sylvatica"
"162",17,36.0196113586426,"Green_Wet_Sun",15884,"ThermalCamera2023-08-11_10-42-39+0200_B1_D_temperature","2023-08-11","B1",2,"R7",6,"D","Fagus Sylvatica"
"163",18,36.0968055725098,"Green_Wet_Sun",15897,"ThermalCamera2023-08-11_10-42-39+0200_B1_D_temperature","2023-08-11","B1",2,"R7",6,"D","Fagus Sylvatica"
"164",19,35.9899101257324,"Green_Wet_Sun",15879,"ThermalCamera2023-08-11_10-42-39+0200_B1_D_temperature","2023-08-11","B1",2,"R7",6,"D","Fagus Sylvatica"
"165",20,35.97802734375,"Green_Wet_Sun",15877,"ThermalCamera2023-08-11_10-42-39+0200_B1_D_temperature","2023-08-11","B1",2,"R7",6,"D","Fagus Sylvatica"
"166",21,30.7782421112061,"Silver_Sun",15022,"ThermalCamera2023-08-11_10-42-39+0200_B1_D_temperature","2023-08-11","B1",2,"R7",6,"D","Fagus Sylvatica"
"167",22,31.1388549804688,"Silver_Sun",15080,"ThermalCamera2023-08-11_10-42-39+0200_B1_D_temperature","2023-08-11","B1",2,"R7",6,"D","Fagus Sylvatica"
"168",23,31.2443237304688,"Silver_Sun",15097,"ThermalCamera2023-08-11_10-42-39+0200_B1_D_temperature","2023-08-11","B1",2,"R7",6,"D","Fagus Sylvatica"
"169",24,30.7284088134766,"Silver_Sun",15014,"ThermalCamera2023-08-11_10-42-39+0200_B1_D_temperature","2023-08-11","B1",2,"R7",6,"D","Fagus Sylvatica"
"170",25,30.7408695220947,"Silver_Sun",15016,"ThermalCamera2023-08-11_10-42-39+0200_B1_D_temperature","2023-08-11","B1",2,"R7",6,"D","Fagus Sylvatica"
"171",26,46.2593231201172,"Green_Dry_Sun",17686,"ThermalCamera2023-08-11_10-42-39+0200_B1_D_temperature","2023-08-11","B1",2,"R7",6,"D","Fagus Sylvatica"
"172",27,45.4835166931152,"Green_Dry_Sun",17544,"ThermalCamera2023-08-11_10-42-39+0200_B1_D_temperature","2023-08-11","B1",2,"R7",6,"D","Fagus Sylvatica"
"173",28,47.9254837036133,"Green_Dry_Sun",17994,"ThermalCamera2023-08-11_10-42-39+0200_B1_D_temperature","2023-08-11","B1",2,"R7",6,"D","Fagus Sylvatica"
"174",29,47.1817245483398,"Green_Dry_Sun",17856,"ThermalCamera2023-08-11_10-42-39+0200_B1_D_temperature","2023-08-11","B1",2,"R7",6,"D","Fagus Sylvatica"
"175",30,47.8287239074707,"Green_Dry_Sun",17976,"ThermalCamera2023-08-11_10-42-39+0200_B1_D_temperature","2023-08-11","B1",2,"R7",6,"D","Fagus Sylvatica"
"176",1,34.2535934448242,"Tree_Sun",15589,"ThermalCamera2023-08-11_10-44-05+0200_B30_W_temperature","2023-08-11","B30",2,"R7",7,"W","Fagus Sylvatica"
"177",2,32.7164192199707,"Tree_Sun",15336,"ThermalCamera2023-08-11_10-44-05+0200_B30_W_temperature","2023-08-11","B30",2,"R7",7,"W","Fagus Sylvatica"
"178",3,37.471492767334,"Tree_Sun",16130,"ThermalCamera2023-08-11_10-44-05+0200_B30_W_temperature","2023-08-11","B30",2,"R7",7,"W","Fagus Sylvatica"
"179",4,32.8448257446289,"Tree_Sun",15357,"ThermalCamera2023-08-11_10-44-05+0200_B30_W_temperature","2023-08-11","B30",2,"R7",7,"W","Fagus Sylvatica"
"180",5,36.5824966430664,"Tree_Sun",15979,"ThermalCamera2023-08-11_10-44-05+0200_B30_W_temperature","2023-08-11","B30",2,"R7",7,"W","Fagus Sylvatica"
"181",6,50.2467384338379,"Black_Sun",18430,"ThermalCamera2023-08-11_10-44-05+0200_B30_W_temperature","2023-08-11","B30",2,"R7",7,"W","Fagus Sylvatica"
"182",7,51.1875495910645,"Black_Sun",18609,"ThermalCamera2023-08-11_10-44-05+0200_B30_W_temperature","2023-08-11","B30",2,"R7",7,"W","Fagus Sylvatica"
"183",8,53.234432220459,"Black_Sun",19003,"ThermalCamera2023-08-11_10-44-05+0200_B30_W_temperature","2023-08-11","B30",2,"R7",7,"W","Fagus Sylvatica"
"184",9,54.1640396118164,"Black_Sun",19184,"ThermalCamera2023-08-11_10-44-05+0200_B30_W_temperature","2023-08-11","B30",2,"R7",7,"W","Fagus Sylvatica"
"185",10,53.743709564209,"Black_Sun",19102,"ThermalCamera2023-08-11_10-44-05+0200_B30_W_temperature","2023-08-11","B30",2,"R7",7,"W","Fagus Sylvatica"
"186",11,31.8009986877441,"Silver_Sun",15187,"ThermalCamera2023-08-11_10-44-05+0200_B30_W_temperature","2023-08-11","B30",2,"R7",7,"W","Fagus Sylvatica"
"187",12,31.7516307830811,"Silver_Sun",15179,"ThermalCamera2023-08-11_10-44-05+0200_B30_W_temperature","2023-08-11","B30",2,"R7",7,"W","Fagus Sylvatica"
"188",13,31.8256740570068,"Silver_Sun",15191,"ThermalCamera2023-08-11_10-44-05+0200_B30_W_temperature","2023-08-11","B30",2,"R7",7,"W","Fagus Sylvatica"
"189",14,31.6713619232178,"Silver_Sun",15166,"ThermalCamera2023-08-11_10-44-05+0200_B30_W_temperature","2023-08-11","B30",2,"R7",7,"W","Fagus Sylvatica"
"190",15,31.4982738494873,"Silver_Sun",15138,"ThermalCamera2023-08-11_10-44-05+0200_B30_W_temperature","2023-08-11","B30",2,"R7",7,"W","Fagus Sylvatica"
"191",16,36.2273139953613,"Green_Wet_Sun",15919,"ThermalCamera2023-08-11_10-44-05+0200_B30_W_temperature","2023-08-11","B30",2,"R7",7,"W","Fagus Sylvatica"
"192",17,36.8599472045898,"Green_Wet_Sun",16026,"ThermalCamera2023-08-11_10-44-05+0200_B30_W_temperature","2023-08-11","B30",2,"R7",7,"W","Fagus Sylvatica"
"193",18,35.680534362793,"Green_Wet_Sun",15827,"ThermalCamera2023-08-11_10-44-05+0200_B30_W_temperature","2023-08-11","B30",2,"R7",7,"W","Fagus Sylvatica"
"194",19,34.8253517150879,"Green_Wet_Sun",15684,"ThermalCamera2023-08-11_10-44-05+0200_B30_W_temperature","2023-08-11","B30",2,"R7",7,"W","Fagus Sylvatica"
"195",20,35.1849632263184,"Green_Wet_Sun",15744,"ThermalCamera2023-08-11_10-44-05+0200_B30_W_temperature","2023-08-11","B30",2,"R7",7,"W","Fagus Sylvatica"
"196",21,47.5379905700684,"Green_Dry_Sun",17922,"ThermalCamera2023-08-11_10-44-05+0200_B30_W_temperature","2023-08-11","B30",2,"R7",7,"W","Fagus Sylvatica"
"197",22,47.2195587158203,"Green_Dry_Sun",17863,"ThermalCamera2023-08-11_10-44-05+0200_B30_W_temperature","2023-08-11","B30",2,"R7",7,"W","Fagus Sylvatica"
"198",23,48.0919494628906,"Green_Dry_Sun",18025,"ThermalCamera2023-08-11_10-44-05+0200_B30_W_temperature","2023-08-11","B30",2,"R7",7,"W","Fagus Sylvatica"
"199",24,47.6403617858887,"Green_Dry_Sun",17941,"ThermalCamera2023-08-11_10-44-05+0200_B30_W_temperature","2023-08-11","B30",2,"R7",7,"W","Fagus Sylvatica"
"200",25,47.2519798278809,"Green_Dry_Sun",17869,"ThermalCamera2023-08-11_10-44-05+0200_B30_W_temperature","2023-08-11","B30",2,"R7",7,"W","Fagus Sylvatica"
"201",1,30.4664039611816,"Tree_Shade",14972,"ThermalCamera2023-08-11_10-45-42+0200_B34_W_temperature","2023-08-11","B34",2,"R7",9,"W","Fagus Sylvatica"
"202",2,30.8280544281006,"Tree_Shade",15030,"ThermalCamera2023-08-11_10-45-42+0200_B34_W_temperature","2023-08-11","B34",2,"R7",9,"W","Fagus Sylvatica"
"203",3,30.6473808288574,"Tree_Shade",15001,"ThermalCamera2023-08-11_10-45-42+0200_B34_W_temperature","2023-08-11","B34",2,"R7",9,"W","Fagus Sylvatica"
"204",4,30.3476696014404,"Tree_Shade",14953,"ThermalCamera2023-08-11_10-45-42+0200_B34_W_temperature","2023-08-11","B34",2,"R7",9,"W","Fagus Sylvatica"
"205",5,30.0094966888428,"Tree_Shade",14899,"ThermalCamera2023-08-11_10-45-42+0200_B34_W_temperature","2023-08-11","B34",2,"R7",9,"W","Fagus Sylvatica"
"206",6,42.0143508911133,"Tree_Sun",16920,"ThermalCamera2023-08-11_10-45-42+0200_B34_W_temperature","2023-08-11","B34",2,"R7",9,"W","Fagus Sylvatica"
"207",7,39.4944839477539,"Tree_Sun",16478,"ThermalCamera2023-08-11_10-45-42+0200_B34_W_temperature","2023-08-11","B34",2,"R7",9,"W","Fagus Sylvatica"
"208",8,38.4525337219238,"Tree_Sun",16298,"ThermalCamera2023-08-11_10-45-42+0200_B34_W_temperature","2023-08-11","B34",2,"R7",9,"W","Fagus Sylvatica"
"209",9,39.9545974731445,"Tree_Sun",16558,"ThermalCamera2023-08-11_10-45-42+0200_B34_W_temperature","2023-08-11","B34",2,"R7",9,"W","Fagus Sylvatica"
"210",10,39.1424255371094,"Tree_Sun",16417,"ThermalCamera2023-08-11_10-45-42+0200_B34_W_temperature","2023-08-11","B34",2,"R7",9,"W","Fagus Sylvatica"
"211",11,52.6558647155762,"Black_Sun",18891,"ThermalCamera2023-08-11_10-45-42+0200_B34_W_temperature","2023-08-11","B34",2,"R7",9,"W","Fagus Sylvatica"
"212",12,51.7362213134766,"Black_Sun",18714,"ThermalCamera2023-08-11_10-45-42+0200_B34_W_temperature","2023-08-11","B34",2,"R7",9,"W","Fagus Sylvatica"
"213",13,52.0226860046387,"Black_Sun",18769,"ThermalCamera2023-08-11_10-45-42+0200_B34_W_temperature","2023-08-11","B34",2,"R7",9,"W","Fagus Sylvatica"
"214",14,51.663200378418,"Black_Sun",18700,"ThermalCamera2023-08-11_10-45-42+0200_B34_W_temperature","2023-08-11","B34",2,"R7",9,"W","Fagus Sylvatica"
"215",15,51.5640335083008,"Black_Sun",18681,"ThermalCamera2023-08-11_10-45-42+0200_B34_W_temperature","2023-08-11","B34",2,"R7",9,"W","Fagus Sylvatica"
"216",16,37.8462104797363,"Green_Wet_Sun",16194,"ThermalCamera2023-08-11_10-45-42+0200_B34_W_temperature","2023-08-11","B34",2,"R7",9,"W","Fagus Sylvatica"
"217",17,37.1484870910645,"Green_Wet_Sun",16075,"ThermalCamera2023-08-11_10-45-42+0200_B34_W_temperature","2023-08-11","B34",2,"R7",9,"W","Fagus Sylvatica"
"218",18,37.6414375305176,"Green_Wet_Sun",16159,"ThermalCamera2023-08-11_10-45-42+0200_B34_W_temperature","2023-08-11","B34",2,"R7",9,"W","Fagus Sylvatica"
"219",19,37.9747352600098,"Green_Wet_Sun",16216,"ThermalCamera2023-08-11_10-45-42+0200_B34_W_temperature","2023-08-11","B34",2,"R7",9,"W","Fagus Sylvatica"
"220",20,37.4890823364258,"Green_Wet_Sun",16133,"ThermalCamera2023-08-11_10-45-42+0200_B34_W_temperature","2023-08-11","B34",2,"R7",9,"W","Fagus Sylvatica"
"221",21,32.3057327270508,"Silver_Sun",15269,"ThermalCamera2023-08-11_10-45-42+0200_B34_W_temperature","2023-08-11","B34",2,"R7",9,"W","Fagus Sylvatica"
"222",22,32.7898139953613,"Silver_Sun",15348,"ThermalCamera2023-08-11_10-45-42+0200_B34_W_temperature","2023-08-11","B34",2,"R7",9,"W","Fagus Sylvatica"
"223",23,32.857048034668,"Silver_Sun",15359,"ThermalCamera2023-08-11_10-45-42+0200_B34_W_temperature","2023-08-11","B34",2,"R7",9,"W","Fagus Sylvatica"
"224",24,32.9730834960938,"Silver_Sun",15378,"ThermalCamera2023-08-11_10-45-42+0200_B34_W_temperature","2023-08-11","B34",2,"R7",9,"W","Fagus Sylvatica"
"225",25,32.6919441223145,"Silver_Sun",15332,"ThermalCamera2023-08-11_10-45-42+0200_B34_W_temperature","2023-08-11","B34",2,"R7",9,"W","Fagus Sylvatica"
"226",26,47.8072090148926,"Green_Dry_Sun",17972,"ThermalCamera2023-08-11_10-45-42+0200_B34_W_temperature","2023-08-11","B34",2,"R7",9,"W","Fagus Sylvatica"
"227",27,47.699592590332,"Green_Dry_Sun",17952,"ThermalCamera2023-08-11_10-45-42+0200_B34_W_temperature","2023-08-11","B34",2,"R7",9,"W","Fagus Sylvatica"
"228",28,48.8463249206543,"Green_Dry_Sun",18166,"ThermalCamera2023-08-11_10-45-42+0200_B34_W_temperature","2023-08-11","B34",2,"R7",9,"W","Fagus Sylvatica"
"229",29,48.552604675293,"Green_Dry_Sun",18111,"ThermalCamera2023-08-11_10-45-42+0200_B34_W_temperature","2023-08-11","B34",2,"R7",9,"W","Fagus Sylvatica"
"230",30,48.1509666442871,"Green_Dry_Sun",18036,"ThermalCamera2023-08-11_10-45-42+0200_B34_W_temperature","2023-08-11","B34",2,"R7",9,"W","Fagus Sylvatica"
"231",1,37.2014045715332,"Tree_Sun",16084,"ThermalCamera2023-08-11_10-51-46+0200_B43_W_temperature","2023-08-11","B43",2,"R8",5,"W","Fagus Sylvatica"
"232",2,35.0232772827148,"Tree_Sun",15717,"ThermalCamera2023-08-11_10-51-46+0200_B43_W_temperature","2023-08-11","B43",2,"R8",5,"W","Fagus Sylvatica"
"233",3,36.9365692138672,"Tree_Sun",16039,"ThermalCamera2023-08-11_10-51-46+0200_B43_W_temperature","2023-08-11","B43",2,"R8",5,"W","Fagus Sylvatica"
"234",4,37.1190757751465,"Tree_Sun",16070,"ThermalCamera2023-08-11_10-51-46+0200_B43_W_temperature","2023-08-11","B43",2,"R8",5,"W","Fagus Sylvatica"
"235",5,35.2985992431641,"Tree_Sun",15763,"ThermalCamera2023-08-11_10-51-46+0200_B43_W_temperature","2023-08-11","B43",2,"R8",5,"W","Fagus Sylvatica"
"236",6,42.3860549926758,"Black_Sun",16986,"ThermalCamera2023-08-11_10-51-46+0200_B43_W_temperature","2023-08-11","B43",2,"R8",5,"W","Fagus Sylvatica"
"237",7,41.9240684509277,"Black_Sun",16904,"ThermalCamera2023-08-11_10-51-46+0200_B43_W_temperature","2023-08-11","B43",2,"R8",5,"W","Fagus Sylvatica"
"238",8,43.5388412475586,"Black_Sun",17192,"ThermalCamera2023-08-11_10-51-46+0200_B43_W_temperature","2023-08-11","B43",2,"R8",5,"W","Fagus Sylvatica"
"239",9,43.0029983520508,"Black_Sun",17096,"ThermalCamera2023-08-11_10-51-46+0200_B43_W_temperature","2023-08-11","B43",2,"R8",5,"W","Fagus Sylvatica"
"240",10,42.5883140563965,"Black_Sun",17022,"ThermalCamera2023-08-11_10-51-46+0200_B43_W_temperature","2023-08-11","B43",2,"R8",5,"W","Fagus Sylvatica"
"241",11,32.7347717285156,"Silver_Sun",15339,"ThermalCamera2023-08-11_10-51-46+0200_B43_W_temperature","2023-08-11","B43",2,"R8",5,"W","Fagus Sylvatica"
"242",12,32.2504463195801,"Silver_Sun",15260,"ThermalCamera2023-08-11_10-51-46+0200_B43_W_temperature","2023-08-11","B43",2,"R8",5,"W","Fagus Sylvatica"
"243",13,32.2074279785156,"Silver_Sun",15253,"ThermalCamera2023-08-11_10-51-46+0200_B43_W_temperature","2023-08-11","B43",2,"R8",5,"W","Fagus Sylvatica"
"244",14,32.2934494018555,"Silver_Sun",15267,"ThermalCamera2023-08-11_10-51-46+0200_B43_W_temperature","2023-08-11","B43",2,"R8",5,"W","Fagus Sylvatica"
"245",15,32.4346199035645,"Silver_Sun",15290,"ThermalCamera2023-08-11_10-51-46+0200_B43_W_temperature","2023-08-11","B43",2,"R8",5,"W","Fagus Sylvatica"
"246",16,32.0351867675781,"Green_Wet_Sun",15225,"ThermalCamera2023-08-11_10-51-46+0200_B43_W_temperature","2023-08-11","B43",2,"R8",5,"W","Fagus Sylvatica"
"247",17,32.8020401000977,"Green_Wet_Sun",15350,"ThermalCamera2023-08-11_10-51-46+0200_B43_W_temperature","2023-08-11","B43",2,"R8",5,"W","Fagus Sylvatica"
"248",18,33.1926116943359,"Green_Wet_Sun",15414,"ThermalCamera2023-08-11_10-51-46+0200_B43_W_temperature","2023-08-11","B43",2,"R8",5,"W","Fagus Sylvatica"
"249",19,31.9859275817871,"Green_Wet_Sun",15217,"ThermalCamera2023-08-11_10-51-46+0200_B43_W_temperature","2023-08-11","B43",2,"R8",5,"W","Fagus Sylvatica"
"250",20,33.149959564209,"Green_Wet_Sun",15407,"ThermalCamera2023-08-11_10-51-46+0200_B43_W_temperature","2023-08-11","B43",2,"R8",5,"W","Fagus Sylvatica"
"251",21,42.070743560791,"Green_Dry_Sun",16930,"ThermalCamera2023-08-11_10-51-46+0200_B43_W_temperature","2023-08-11","B43",2,"R8",5,"W","Fagus Sylvatica"
"252",22,41.9466438293457,"Green_Dry_Sun",16908,"ThermalCamera2023-08-11_10-51-46+0200_B43_W_temperature","2023-08-11","B43",2,"R8",5,"W","Fagus Sylvatica"
"253",23,44.1720733642578,"Green_Dry_Sun",17306,"ThermalCamera2023-08-11_10-51-46+0200_B43_W_temperature","2023-08-11","B43",2,"R8",5,"W","Fagus Sylvatica"
"254",24,44.1609916687012,"Green_Dry_Sun",17304,"ThermalCamera2023-08-11_10-51-46+0200_B43_W_temperature","2023-08-11","B43",2,"R8",5,"W","Fagus Sylvatica"
"255",25,41.9071311950684,"Green_Dry_Sun",16901,"ThermalCamera2023-08-11_10-51-46+0200_B43_W_temperature","2023-08-11","B43",2,"R8",5,"W","Fagus Sylvatica"
"256",1,30.759557723999,"Tree_Shade",15019,"ThermalCamera2023-08-11_10-55-09+0200_B23_W_temperature","2023-08-11","B23",2,"R8",11,"W","Fagus Sylvatica"
"257",2,30.9773483276367,"Tree_Shade",15054,"ThermalCamera2023-08-11_10-55-09+0200_B23_W_temperature","2023-08-11","B23",2,"R8",11,"W","Fagus Sylvatica"
"258",3,32.8203811645508,"Tree_Shade",15353,"ThermalCamera2023-08-11_10-55-09+0200_B23_W_temperature","2023-08-11","B23",2,"R8",11,"W","Fagus Sylvatica"
"259",4,31.2195167541504,"Tree_Shade",15093,"ThermalCamera2023-08-11_10-55-09+0200_B23_W_temperature","2023-08-11","B23",2,"R8",11,"W","Fagus Sylvatica"
"260",5,31.5230159759521,"Tree_Shade",15142,"ThermalCamera2023-08-11_10-55-09+0200_B23_W_temperature","2023-08-11","B23",2,"R8",11,"W","Fagus Sylvatica"
"261",6,55.1734771728516,"Black_Sun",19382,"ThermalCamera2023-08-11_10-55-09+0200_B23_W_temperature","2023-08-11","B23",2,"R8",11,"W","Fagus Sylvatica"
"262",7,55.6601371765137,"Black_Sun",19478,"ThermalCamera2023-08-11_10-55-09+0200_B23_W_temperature","2023-08-11","B23",2,"R8",11,"W","Fagus Sylvatica"
"263",8,57.5043792724609,"Black_Sun",19845,"ThermalCamera2023-08-11_10-55-09+0200_B23_W_temperature","2023-08-11","B23",2,"R8",11,"W","Fagus Sylvatica"
"264",9,57.2095985412598,"Black_Sun",19786,"ThermalCamera2023-08-11_10-55-09+0200_B23_W_temperature","2023-08-11","B23",2,"R8",11,"W","Fagus Sylvatica"
"265",10,56.5829238891602,"Black_Sun",19661,"ThermalCamera2023-08-11_10-55-09+0200_B23_W_temperature","2023-08-11","B23",2,"R8",11,"W","Fagus Sylvatica"
"266",11,34.7953300476074,"Silver_Sun",15679,"ThermalCamera2023-08-11_10-55-09+0200_B23_W_temperature","2023-08-11","B23",2,"R8",11,"W","Fagus Sylvatica"
"267",12,33.6667594909668,"Silver_Sun",15492,"ThermalCamera2023-08-11_10-55-09+0200_B23_W_temperature","2023-08-11","B23",2,"R8",11,"W","Fagus Sylvatica"
"268",13,34.2173843383789,"Silver_Sun",15583,"ThermalCamera2023-08-11_10-55-09+0200_B23_W_temperature","2023-08-11","B23",2,"R8",11,"W","Fagus Sylvatica"
"269",14,33.9454383850098,"Silver_Sun",15538,"ThermalCamera2023-08-11_10-55-09+0200_B23_W_temperature","2023-08-11","B23",2,"R8",11,"W","Fagus Sylvatica"
"270",15,33.1865196228027,"Silver_Sun",15413,"ThermalCamera2023-08-11_10-55-09+0200_B23_W_temperature","2023-08-11","B23",2,"R8",11,"W","Fagus Sylvatica"
"271",16,34.3259773254395,"Green_Wet_Sun",15601,"ThermalCamera2023-08-11_10-55-09+0200_B23_W_temperature","2023-08-11","B23",2,"R8",11,"W","Fagus Sylvatica"
"272",17,35.1251068115234,"Green_Wet_Sun",15734,"ThermalCamera2023-08-11_10-55-09+0200_B23_W_temperature","2023-08-11","B23",2,"R8",11,"W","Fagus Sylvatica"
"273",18,36.5411148071289,"Green_Wet_Sun",15972,"ThermalCamera2023-08-11_10-55-09+0200_B23_W_temperature","2023-08-11","B23",2,"R8",11,"W","Fagus Sylvatica"
"274",19,36.0493087768555,"Green_Wet_Sun",15889,"ThermalCamera2023-08-11_10-55-09+0200_B23_W_temperature","2023-08-11","B23",2,"R8",11,"W","Fagus Sylvatica"
"275",20,35.8591232299805,"Green_Wet_Sun",15857,"ThermalCamera2023-08-11_10-55-09+0200_B23_W_temperature","2023-08-11","B23",2,"R8",11,"W","Fagus Sylvatica"
"276",21,49.9139518737793,"Green_Dry_Sun",18367,"ThermalCamera2023-08-11_10-55-09+0200_B23_W_temperature","2023-08-11","B23",2,"R8",11,"W","Fagus Sylvatica"
"277",22,50.7311477661133,"Green_Dry_Sun",18522,"ThermalCamera2023-08-11_10-55-09+0200_B23_W_temperature","2023-08-11","B23",2,"R8",11,"W","Fagus Sylvatica"
"278",23,50.6312599182129,"Green_Dry_Sun",18503,"ThermalCamera2023-08-11_10-55-09+0200_B23_W_temperature","2023-08-11","B23",2,"R8",11,"W","Fagus Sylvatica"
"279",24,49.5643844604492,"Green_Dry_Sun",18301,"ThermalCamera2023-08-11_10-55-09+0200_B23_W_temperature","2023-08-11","B23",2,"R8",11,"W","Fagus Sylvatica"
"280",25,49.128719329834,"Green_Dry_Sun",18219,"ThermalCamera2023-08-11_10-55-09+0200_B23_W_temperature","2023-08-11","B23",2,"R8",11,"W","Fagus Sylvatica"
"281",26,37.4538955688477,"Tree_Sun",16127,"ThermalCamera2023-08-11_10-55-09+0200_B23_W_temperature","2023-08-11","B23",2,"R8",11,"W","Fagus Sylvatica"
"282",27,34.6811828613281,"Tree_Sun",15660,"ThermalCamera2023-08-11_10-55-09+0200_B23_W_temperature","2023-08-11","B23",2,"R8",11,"W","Fagus Sylvatica"
"283",28,38.9631004333496,"Tree_Sun",16386,"ThermalCamera2023-08-11_10-55-09+0200_B23_W_temperature","2023-08-11","B23",2,"R8",11,"W","Fagus Sylvatica"
"284",29,37.1602478027344,"Tree_Sun",16077,"ThermalCamera2023-08-11_10-55-09+0200_B23_W_temperature","2023-08-11","B23",2,"R8",11,"W","Fagus Sylvatica"
"285",30,38.406005859375,"Tree_Sun",16290,"ThermalCamera2023-08-11_10-55-09+0200_B23_W_temperature","2023-08-11","B23",2,"R8",11,"W","Fagus Sylvatica"
"286",1,35.1011543273926,"Tree_Sun",15730,"ThermalCamera2023-08-11_10-56-21+0200_D35_D_temperature","2023-08-11","D35",2,"R8",12,"D","Pseudotsuga Menziesii"
"287",2,35.2388038635254,"Tree_Sun",15753,"ThermalCamera2023-08-11_10-56-21+0200_D35_D_temperature","2023-08-11","D35",2,"R8",12,"D","Pseudotsuga Menziesii"
"288",3,34.2294540405273,"Tree_Sun",15585,"ThermalCamera2023-08-11_10-56-21+0200_D35_D_temperature","2023-08-11","D35",2,"R8",12,"D","Pseudotsuga Menziesii"
"289",4,35.4718246459961,"Tree_Sun",15792,"ThermalCamera2023-08-11_10-56-21+0200_D35_D_temperature","2023-08-11","D35",2,"R8",12,"D","Pseudotsuga Menziesii"
"290",5,33.4056205749512,"Tree_Sun",15449,"ThermalCamera2023-08-11_10-56-21+0200_D35_D_temperature","2023-08-11","D35",2,"R8",12,"D","Pseudotsuga Menziesii"
"291",6,59.3286361694336,"Black_Sun",20213,"ThermalCamera2023-08-11_10-56-21+0200_D35_D_temperature","2023-08-11","D35",2,"R8",12,"D","Pseudotsuga Menziesii"
"292",7,60.4369926452637,"Black_Sun",20439,"ThermalCamera2023-08-11_10-56-21+0200_D35_D_temperature","2023-08-11","D35",2,"R8",12,"D","Pseudotsuga Menziesii"
"293",8,60.0505752563477,"Black_Sun",20360,"ThermalCamera2023-08-11_10-56-21+0200_D35_D_temperature","2023-08-11","D35",2,"R8",12,"D","Pseudotsuga Menziesii"
"294",9,60.2463645935059,"Black_Sun",20400,"ThermalCamera2023-08-11_10-56-21+0200_D35_D_temperature","2023-08-11","D35",2,"R8",12,"D","Pseudotsuga Menziesii"
"295",10,60.2659301757812,"Black_Sun",20404,"ThermalCamera2023-08-11_10-56-21+0200_D35_D_temperature","2023-08-11","D35",2,"R8",12,"D","Pseudotsuga Menziesii"
"296",11,33.8304138183594,"Silver_Sun",15519,"ThermalCamera2023-08-11_10-56-21+0200_D35_D_temperature","2023-08-11","D35",2,"R8",12,"D","Pseudotsuga Menziesii"
"297",12,33.107292175293,"Silver_Sun",15400,"ThermalCamera2023-08-11_10-56-21+0200_D35_D_temperature","2023-08-11","D35",2,"R8",12,"D","Pseudotsuga Menziesii"
"298",13,33.7940673828125,"Silver_Sun",15513,"ThermalCamera2023-08-11_10-56-21+0200_D35_D_temperature","2023-08-11","D35",2,"R8",12,"D","Pseudotsuga Menziesii"
"299",14,33.8909683227539,"Silver_Sun",15529,"ThermalCamera2023-08-11_10-56-21+0200_D35_D_temperature","2023-08-11","D35",2,"R8",12,"D","Pseudotsuga Menziesii"
"300",15,33.2108840942383,"Silver_Sun",15417,"ThermalCamera2023-08-11_10-56-21+0200_D35_D_temperature","2023-08-11","D35",2,"R8",12,"D","Pseudotsuga Menziesii"
"301",16,36.9247817993164,"Green_Wet_Sun",16037,"ThermalCamera2023-08-11_10-56-21+0200_D35_D_temperature","2023-08-11","D35",2,"R8",12,"D","Pseudotsuga Menziesii"
"302",17,36.8481521606445,"Green_Wet_Sun",16024,"ThermalCamera2023-08-11_10-56-21+0200_D35_D_temperature","2023-08-11","D35",2,"R8",12,"D","Pseudotsuga Menziesii"
"303",18,37.4656257629395,"Green_Wet_Sun",16129,"ThermalCamera2023-08-11_10-56-21+0200_D35_D_temperature","2023-08-11","D35",2,"R8",12,"D","Pseudotsuga Menziesii"
"304",19,37.3247833251953,"Green_Wet_Sun",16105,"ThermalCamera2023-08-11_10-56-21+0200_D35_D_temperature","2023-08-11","D35",2,"R8",12,"D","Pseudotsuga Menziesii"
"305",20,36.8186645507812,"Green_Wet_Sun",16019,"ThermalCamera2023-08-11_10-56-21+0200_D35_D_temperature","2023-08-11","D35",2,"R8",12,"D","Pseudotsuga Menziesii"
"306",21,49.6916122436523,"Green_Dry_Sun",18325,"ThermalCamera2023-08-11_10-56-21+0200_D35_D_temperature","2023-08-11","D35",2,"R8",12,"D","Pseudotsuga Menziesii"
"307",22,49.3361129760742,"Green_Dry_Sun",18258,"ThermalCamera2023-08-11_10-56-21+0200_D35_D_temperature","2023-08-11","D35",2,"R8",12,"D","Pseudotsuga Menziesii"
"308",23,50.1570243835449,"Green_Dry_Sun",18413,"ThermalCamera2023-08-11_10-56-21+0200_D35_D_temperature","2023-08-11","D35",2,"R8",12,"D","Pseudotsuga Menziesii"
"309",24,52.2721748352051,"Green_Dry_Sun",18817,"ThermalCamera2023-08-11_10-56-21+0200_D35_D_temperature","2023-08-11","D35",2,"R8",12,"D","Pseudotsuga Menziesii"
"310",25,48.984935760498,"Green_Dry_Sun",18192,"ThermalCamera2023-08-11_10-56-21+0200_D35_D_temperature","2023-08-11","D35",2,"R8",12,"D","Pseudotsuga Menziesii"
"311",1,27.8809623718262,"Tree_Shade",14563,"ThermalCamera2023-08-11_11-07-41+0200_B27_D_temperature","2023-08-11","B27",1,"R1",3,"D","Fagus Sylvatica"
"312",2,27.4899139404297,"Tree_Shade",14502,"ThermalCamera2023-08-11_11-07-41+0200_B27_D_temperature","2023-08-11","B27",1,"R1",3,"D","Fagus Sylvatica"
"313",3,26.8973751068115,"Tree_Shade",14410,"ThermalCamera2023-08-11_11-07-41+0200_B27_D_temperature","2023-08-11","B27",1,"R1",3,"D","Fagus Sylvatica"
"314",4,27.1425247192383,"Tree_Shade",14448,"ThermalCamera2023-08-11_11-07-41+0200_B27_D_temperature","2023-08-11","B27",1,"R1",3,"D","Fagus Sylvatica"
"315",5,27.1103000640869,"Tree_Shade",14443,"ThermalCamera2023-08-11_11-07-41+0200_B27_D_temperature","2023-08-11","B27",1,"R1",3,"D","Fagus Sylvatica"
"316",6,31.1016044616699,"Black_Shade",15074,"ThermalCamera2023-08-11_11-07-41+0200_B27_D_temperature","2023-08-11","B27",1,"R1",3,"D","Fagus Sylvatica"
"317",7,30.4414176940918,"Black_Shade",14968,"ThermalCamera2023-08-11_11-07-41+0200_B27_D_temperature","2023-08-11","B27",1,"R1",3,"D","Fagus Sylvatica"
"318",8,30.9835662841797,"Black_Shade",15055,"ThermalCamera2023-08-11_11-07-41+0200_B27_D_temperature","2023-08-11","B27",1,"R1",3,"D","Fagus Sylvatica"
"319",9,30.4851398468018,"Black_Shade",14975,"ThermalCamera2023-08-11_11-07-41+0200_B27_D_temperature","2023-08-11","B27",1,"R1",3,"D","Fagus Sylvatica"
"320",10,30.9773483276367,"Black_Shade",15054,"ThermalCamera2023-08-11_11-07-41+0200_B27_D_temperature","2023-08-11","B27",1,"R1",3,"D","Fagus Sylvatica"
"321",11,30.2788677215576,"Silver_Shade",14942,"ThermalCamera2023-08-11_11-07-41+0200_B27_D_temperature","2023-08-11","B27",1,"R1",3,"D","Fagus Sylvatica"
"322",12,30.3101463317871,"Silver_Shade",14947,"ThermalCamera2023-08-11_11-07-41+0200_B27_D_temperature","2023-08-11","B27",1,"R1",3,"D","Fagus Sylvatica"
"323",13,30.2225437164307,"Silver_Shade",14933,"ThermalCamera2023-08-11_11-07-41+0200_B27_D_temperature","2023-08-11","B27",1,"R1",3,"D","Fagus Sylvatica"
"324",14,30.1787147521973,"Silver_Shade",14926,"ThermalCamera2023-08-11_11-07-41+0200_B27_D_temperature","2023-08-11","B27",1,"R1",3,"D","Fagus Sylvatica"
"325",15,30.2600975036621,"Silver_Shade",14939,"ThermalCamera2023-08-11_11-07-41+0200_B27_D_temperature","2023-08-11","B27",1,"R1",3,"D","Fagus Sylvatica"
"326",16,23.9228801727295,"Green_Wet_Shade",13956,"ThermalCamera2023-08-11_11-07-41+0200_B27_D_temperature","2023-08-11","B27",1,"R1",3,"D","Fagus Sylvatica"
"327",17,24.3076953887939,"Green_Wet_Shade",14014,"ThermalCamera2023-08-11_11-07-41+0200_B27_D_temperature","2023-08-11","B27",1,"R1",3,"D","Fagus Sylvatica"
"328",18,24.6250743865967,"Green_Wet_Shade",14062,"ThermalCamera2023-08-11_11-07-41+0200_B27_D_temperature","2023-08-11","B27",1,"R1",3,"D","Fagus Sylvatica"
"329",19,24.4268283843994,"Green_Wet_Shade",14032,"ThermalCamera2023-08-11_11-07-41+0200_B27_D_temperature","2023-08-11","B27",1,"R1",3,"D","Fagus Sylvatica"
"330",20,24.4268283843994,"Green_Wet_Shade",14032,"ThermalCamera2023-08-11_11-07-41+0200_B27_D_temperature","2023-08-11","B27",1,"R1",3,"D","Fagus Sylvatica"
"331",21,30.6349086761475,"Green_Dry_Shade",14999,"ThermalCamera2023-08-11_11-07-41+0200_B27_D_temperature","2023-08-11","B27",1,"R1",3,"D","Fagus Sylvatica"
"332",22,30.8778419494629,"Green_Dry_Shade",15038,"ThermalCamera2023-08-11_11-07-41+0200_B27_D_temperature","2023-08-11","B27",1,"R1",3,"D","Fagus Sylvatica"
"333",23,30.7720146179199,"Green_Dry_Shade",15021,"ThermalCamera2023-08-11_11-07-41+0200_B27_D_temperature","2023-08-11","B27",1,"R1",3,"D","Fagus Sylvatica"
"334",24,30.7969245910645,"Green_Dry_Shade",15025,"ThermalCamera2023-08-11_11-07-41+0200_B27_D_temperature","2023-08-11","B27",1,"R1",3,"D","Fagus Sylvatica"
"335",25,30.6224365234375,"Green_Dry_Shade",14997,"ThermalCamera2023-08-11_11-07-41+0200_B27_D_temperature","2023-08-11","B27",1,"R1",3,"D","Fagus Sylvatica"
"336",1,29.7645969390869,"Tree_Shade",14860,"ThermalCamera2023-08-11_11-08-34+0200_B4_D_temperature","2023-08-11","B4",1,"R1",5,"D","Fagus Sylvatica"
"337",2,29.676549911499,"Tree_Shade",14846,"ThermalCamera2023-08-11_11-08-34+0200_B4_D_temperature","2023-08-11","B4",1,"R1",5,"D","Fagus Sylvatica"
"338",3,29.9279251098633,"Tree_Shade",14886,"ThermalCamera2023-08-11_11-08-34+0200_B4_D_temperature","2023-08-11","B4",1,"R1",5,"D","Fagus Sylvatica"
"339",4,29.2099437713623,"Tree_Shade",14772,"ThermalCamera2023-08-11_11-08-34+0200_B4_D_temperature","2023-08-11","B4",1,"R1",5,"D","Fagus Sylvatica"
"340",5,29.1151123046875,"Tree_Shade",14757,"ThermalCamera2023-08-11_11-08-34+0200_B4_D_temperature","2023-08-11","B4",1,"R1",5,"D","Fagus Sylvatica"
"341",6,32.6001129150391,"Black_Shade",15317,"ThermalCamera2023-08-11_11-08-34+0200_B4_D_temperature","2023-08-11","B4",1,"R1",5,"D","Fagus Sylvatica"
"342",7,32.5939865112305,"Black_Shade",15316,"ThermalCamera2023-08-11_11-08-34+0200_B4_D_temperature","2023-08-11","B4",1,"R1",5,"D","Fagus Sylvatica"
"343",8,32.4959411621094,"Black_Shade",15300,"ThermalCamera2023-08-11_11-08-34+0200_B4_D_temperature","2023-08-11","B4",1,"R1",5,"D","Fagus Sylvatica"
"344",9,32.5327186584473,"Black_Shade",15306,"ThermalCamera2023-08-11_11-08-34+0200_B4_D_temperature","2023-08-11","B4",1,"R1",5,"D","Fagus Sylvatica"
"345",10,32.4959411621094,"Black_Shade",15300,"ThermalCamera2023-08-11_11-08-34+0200_B4_D_temperature","2023-08-11","B4",1,"R1",5,"D","Fagus Sylvatica"
"346",11,31.2939224243164,"Silver_Shade",15105,"ThermalCamera2023-08-11_11-08-34+0200_B4_D_temperature","2023-08-11","B4",1,"R1",5,"D","Fagus Sylvatica"
"347",12,31.1947040557861,"Silver_Shade",15089,"ThermalCamera2023-08-11_11-08-34+0200_B4_D_temperature","2023-08-11","B4",1,"R1",5,"D","Fagus Sylvatica"
"348",13,31.2071113586426,"Silver_Shade",15091,"ThermalCamera2023-08-11_11-08-34+0200_B4_D_temperature","2023-08-11","B4",1,"R1",5,"D","Fagus Sylvatica"
"349",14,31.3496913909912,"Silver_Shade",15114,"ThermalCamera2023-08-11_11-08-34+0200_B4_D_temperature","2023-08-11","B4",1,"R1",5,"D","Fagus Sylvatica"
"350",15,31.1326465606689,"Silver_Shade",15079,"ThermalCamera2023-08-11_11-08-34+0200_B4_D_temperature","2023-08-11","B4",1,"R1",5,"D","Fagus Sylvatica"
"351",16,26.2364864349365,"Green_Wet_Shade",14308,"ThermalCamera2023-08-11_11-08-34+0200_B4_D_temperature","2023-08-11","B4",1,"R1",5,"D","Fagus Sylvatica"
"352",17,25.7739734649658,"Green_Wet_Shade",14237,"ThermalCamera2023-08-11_11-08-34+0200_B4_D_temperature","2023-08-11","B4",1,"R1",5,"D","Fagus Sylvatica"
"353",18,26.5739326477051,"Green_Wet_Shade",14360,"ThermalCamera2023-08-11_11-08-34+0200_B4_D_temperature","2023-08-11","B4",1,"R1",5,"D","Fagus Sylvatica"
"354",19,25.8914241790771,"Green_Wet_Shade",14255,"ThermalCamera2023-08-11_11-08-34+0200_B4_D_temperature","2023-08-11","B4",1,"R1",5,"D","Fagus Sylvatica"
"355",20,26.1519546508789,"Green_Wet_Shade",14295,"ThermalCamera2023-08-11_11-08-34+0200_B4_D_temperature","2023-08-11","B4",1,"R1",5,"D","Fagus Sylvatica"
"356",21,32.4591522216797,"Green_Dry_Shade",15294,"ThermalCamera2023-08-11_11-08-34+0200_B4_D_temperature","2023-08-11","B4",1,"R1",5,"D","Fagus Sylvatica"
"357",22,32.4346199035645,"Green_Dry_Shade",15290,"ThermalCamera2023-08-11_11-08-34+0200_B4_D_temperature","2023-08-11","B4",1,"R1",5,"D","Fagus Sylvatica"
"358",23,32.5511016845703,"Green_Dry_Shade",15309,"ThermalCamera2023-08-11_11-08-34+0200_B4_D_temperature","2023-08-11","B4",1,"R1",5,"D","Fagus Sylvatica"
"359",24,32.5327186584473,"Green_Dry_Shade",15306,"ThermalCamera2023-08-11_11-08-34+0200_B4_D_temperature","2023-08-11","B4",1,"R1",5,"D","Fagus Sylvatica"
"360",25,32.4468879699707,"Green_Dry_Shade",15292,"ThermalCamera2023-08-11_11-08-34+0200_B4_D_temperature","2023-08-11","B4",1,"R1",5,"D","Fagus Sylvatica"
"361",1,29.3741188049316,"Tree_Shade",14798,"ThermalCamera2023-08-11_11-10-15+0200_B15_D_temperature","2023-08-11","B15",1,"R1",9,"D","Fagus Sylvatica"
"362",2,29.7017135620117,"Tree_Shade",14850,"ThermalCamera2023-08-11_11-10-15+0200_B15_D_temperature","2023-08-11","B15",1,"R1",9,"D","Fagus Sylvatica"
"363",3,29.2794322967529,"Tree_Shade",14783,"ThermalCamera2023-08-11_11-10-15+0200_B15_D_temperature","2023-08-11","B15",1,"R1",9,"D","Fagus Sylvatica"
"364",4,29.7645969390869,"Tree_Shade",14860,"ThermalCamera2023-08-11_11-10-15+0200_B15_D_temperature","2023-08-11","B15",1,"R1",9,"D","Fagus Sylvatica"
"365",5,29.2099437713623,"Tree_Shade",14772,"ThermalCamera2023-08-11_11-10-15+0200_B15_D_temperature","2023-08-11","B15",1,"R1",9,"D","Fagus Sylvatica"
"366",6,32.8020401000977,"Black_Shade",15350,"ThermalCamera2023-08-11_11-10-15+0200_B15_D_temperature","2023-08-11","B15",1,"R1",9,"D","Fagus Sylvatica"
"367",7,32.7653541564941,"Black_Shade",15344,"ThermalCamera2023-08-11_11-10-15+0200_B15_D_temperature","2023-08-11","B15",1,"R1",9,"D","Fagus Sylvatica"
"368",8,32.6368522644043,"Black_Shade",15323,"ThermalCamera2023-08-11_11-10-15+0200_B15_D_temperature","2023-08-11","B15",1,"R1",9,"D","Fagus Sylvatica"
"369",9,32.6246070861816,"Black_Shade",15321,"ThermalCamera2023-08-11_11-10-15+0200_B15_D_temperature","2023-08-11","B15",1,"R1",9,"D","Fagus Sylvatica"
"370",10,32.5633583068848,"Black_Shade",15311,"ThermalCamera2023-08-11_11-10-15+0200_B15_D_temperature","2023-08-11","B15",1,"R1",9,"D","Fagus Sylvatica"
"371",11,30.759557723999,"Silver_Shade",15019,"ThermalCamera2023-08-11_11-10-15+0200_B15_D_temperature","2023-08-11","B15",1,"R1",9,"D","Fagus Sylvatica"
"372",12,30.7657871246338,"Silver_Shade",15020,"ThermalCamera2023-08-11_11-10-15+0200_B15_D_temperature","2023-08-11","B15",1,"R1",9,"D","Fagus Sylvatica"
"373",13,30.7159461975098,"Silver_Shade",15012,"ThermalCamera2023-08-11_11-10-15+0200_B15_D_temperature","2023-08-11","B15",1,"R1",9,"D","Fagus Sylvatica"
"374",14,30.9276065826416,"Silver_Shade",15046,"ThermalCamera2023-08-11_11-10-15+0200_B15_D_temperature","2023-08-11","B15",1,"R1",9,"D","Fagus Sylvatica"
"375",15,30.7159461975098,"Silver_Shade",15012,"ThermalCamera2023-08-11_11-10-15+0200_B15_D_temperature","2023-08-11","B15",1,"R1",9,"D","Fagus Sylvatica"
"376",16,26.6840152740479,"Green_Wet_Shade",14377,"ThermalCamera2023-08-11_11-10-15+0200_B15_D_temperature","2023-08-11","B15",1,"R1",9,"D","Fagus Sylvatica"
"377",17,25.8718585968018,"Green_Wet_Shade",14252,"ThermalCamera2023-08-11_11-10-15+0200_B15_D_temperature","2023-08-11","B15",1,"R1",9,"D","Fagus Sylvatica"
"378",18,26.4507617950439,"Green_Wet_Shade",14341,"ThermalCamera2023-08-11_11-10-15+0200_B15_D_temperature","2023-08-11","B15",1,"R1",9,"D","Fagus Sylvatica"
"379",19,26.2754783630371,"Green_Wet_Shade",14314,"ThermalCamera2023-08-11_11-10-15+0200_B15_D_temperature","2023-08-11","B15",1,"R1",9,"D","Fagus Sylvatica"
"380",20,26.1129169464111,"Green_Wet_Shade",14289,"ThermalCamera2023-08-11_11-10-15+0200_B15_D_temperature","2023-08-11","B15",1,"R1",9,"D","Fagus Sylvatica"
"381",21,31.7454586029053,"Green_Dry_Shade",15178,"ThermalCamera2023-08-11_11-10-15+0200_B15_D_temperature","2023-08-11","B15",1,"R1",9,"D","Fagus Sylvatica"
"382",22,31.8256740570068,"Green_Dry_Shade",15191,"ThermalCamera2023-08-11_11-10-15+0200_B15_D_temperature","2023-08-11","B15",1,"R1",9,"D","Fagus Sylvatica"
"383",23,31.69606590271,"Green_Dry_Shade",15170,"ThermalCamera2023-08-11_11-10-15+0200_B15_D_temperature","2023-08-11","B15",1,"R1",9,"D","Fagus Sylvatica"
"384",24,31.6281147003174,"Green_Dry_Shade",15159,"ThermalCamera2023-08-11_11-10-15+0200_B15_D_temperature","2023-08-11","B15",1,"R1",9,"D","Fagus Sylvatica"
"385",25,31.4673347473145,"Green_Dry_Shade",15133,"ThermalCamera2023-08-11_11-10-15+0200_B15_D_temperature","2023-08-11","B15",1,"R1",9,"D","Fagus Sylvatica"
"386",1,28.3215579986572,"Tree_Shade",14632,"ThermalCamera2023-08-11_11-10-59+0200_T11_W_temperature","2023-08-11","T11",1,"R1",10,"W","Abies Alba"
"387",2,28.4107322692871,"Tree_Shade",14646,"ThermalCamera2023-08-11_11-10-59+0200_T11_W_temperature","2023-08-11","T11",1,"R1",10,"W","Abies Alba"
"388",3,28.5252723693848,"Tree_Shade",14664,"ThermalCamera2023-08-11_11-10-59+0200_T11_W_temperature","2023-08-11","T11",1,"R1",10,"W","Abies Alba"
"389",4,28.550708770752,"Tree_Shade",14668,"ThermalCamera2023-08-11_11-10-59+0200_T11_W_temperature","2023-08-11","T11",1,"R1",10,"W","Abies Alba"
"390",5,27.7977447509766,"Tree_Shade",14550,"ThermalCamera2023-08-11_11-10-59+0200_T11_W_temperature","2023-08-11","T11",1,"R1",10,"W","Abies Alba"
"391",6,32.8509368896484,"Black_Shade",15358,"ThermalCamera2023-08-11_11-10-59+0200_T11_W_temperature","2023-08-11","T11",1,"R1",10,"W","Abies Alba"
"392",7,32.9120292663574,"Black_Shade",15368,"ThermalCamera2023-08-11_11-10-59+0200_T11_W_temperature","2023-08-11","T11",1,"R1",10,"W","Abies Alba"
"393",8,32.924243927002,"Black_Shade",15370,"ThermalCamera2023-08-11_11-10-59+0200_T11_W_temperature","2023-08-11","T11",1,"R1",10,"W","Abies Alba"
"394",9,32.8937034606934,"Black_Shade",15365,"ThermalCamera2023-08-11_11-10-59+0200_T11_W_temperature","2023-08-11","T11",1,"R1",10,"W","Abies Alba"
"395",10,32.8875961303711,"Black_Shade",15364,"ThermalCamera2023-08-11_11-10-59+0200_T11_W_temperature","2023-08-11","T11",1,"R1",10,"W","Abies Alba"
"396",11,31.1326465606689,"Silver_Shade",15079,"ThermalCamera2023-08-11_11-10-59+0200_T11_W_temperature","2023-08-11","T11",1,"R1",10,"W","Abies Alba"
"397",12,31.1016044616699,"Silver_Shade",15074,"ThermalCamera2023-08-11_11-10-59+0200_T11_W_temperature","2023-08-11","T11",1,"R1",10,"W","Abies Alba"
"398",13,31.0829753875732,"Silver_Shade",15071,"ThermalCamera2023-08-11_11-10-59+0200_T11_W_temperature","2023-08-11","T11",1,"R1",10,"W","Abies Alba"
"399",14,31.0084266662598,"Silver_Shade",15059,"ThermalCamera2023-08-11_11-10-59+0200_T11_W_temperature","2023-08-11","T11",1,"R1",10,"W","Abies Alba"
"400",15,31.1450614929199,"Silver_Shade",15081,"ThermalCamera2023-08-11_11-10-59+0200_T11_W_temperature","2023-08-11","T11",1,"R1",10,"W","Abies Alba"
"401",16,32.022876739502,"Green_Dry_Shade",15223,"ThermalCamera2023-08-11_11-10-59+0200_T11_W_temperature","2023-08-11","T11",1,"R1",10,"W","Abies Alba"
"402",17,31.8626766204834,"Green_Dry_Shade",15197,"ThermalCamera2023-08-11_11-10-59+0200_T11_W_temperature","2023-08-11","T11",1,"R1",10,"W","Abies Alba"
"403",18,31.8380088806152,"Green_Dry_Shade",15193,"ThermalCamera2023-08-11_11-10-59+0200_T11_W_temperature","2023-08-11","T11",1,"R1",10,"W","Abies Alba"
"404",19,31.7331123352051,"Green_Dry_Shade",15176,"ThermalCamera2023-08-11_11-10-59+0200_T11_W_temperature","2023-08-11","T11",1,"R1",10,"W","Abies Alba"
"405",20,32.0351867675781,"Green_Dry_Shade",15225,"ThermalCamera2023-08-11_11-10-59+0200_T11_W_temperature","2023-08-11","T11",1,"R1",10,"W","Abies Alba"
"406",21,27.1231918334961,"Green_Wet_Shade",14445,"ThermalCamera2023-08-11_11-10-59+0200_T11_W_temperature","2023-08-11","T11",1,"R1",10,"W","Abies Alba"
"407",22,26.9102916717529,"Green_Wet_Shade",14412,"ThermalCamera2023-08-11_11-10-59+0200_T11_W_temperature","2023-08-11","T11",1,"R1",10,"W","Abies Alba"
"408",23,26.9813060760498,"Green_Wet_Shade",14423,"ThermalCamera2023-08-11_11-10-59+0200_T11_W_temperature","2023-08-11","T11",1,"R1",10,"W","Abies Alba"
"409",24,26.671070098877,"Green_Wet_Shade",14375,"ThermalCamera2023-08-11_11-10-59+0200_T11_W_temperature","2023-08-11","T11",1,"R1",10,"W","Abies Alba"
"410",25,26.5350513458252,"Green_Wet_Shade",14354,"ThermalCamera2023-08-11_11-10-59+0200_T11_W_temperature","2023-08-11","T11",1,"R1",10,"W","Abies Alba"
"411",1,28.4807434082031,"Tree_Shade",14657,"ThermalCamera2023-08-11_11-11-49+0200_B44_W_temperature","2023-08-11","B44",1,"R1",11,"W","Fagus Sylvatica"
"412",2,28.6968536376953,"Tree_Shade",14691,"ThermalCamera2023-08-11_11-11-49+0200_B44_W_temperature","2023-08-11","B44",1,"R1",11,"W","Fagus Sylvatica"
"413",3,26.8392276763916,"Tree_Shade",14401,"ThermalCamera2023-08-11_11-11-49+0200_B44_W_temperature","2023-08-11","B44",1,"R1",11,"W","Fagus Sylvatica"
"414",4,27.3678150177002,"Tree_Shade",14483,"ThermalCamera2023-08-11_11-11-49+0200_B44_W_temperature","2023-08-11","B44",1,"R1",11,"W","Fagus Sylvatica"
"415",5,28.3534145355225,"Tree_Shade",14637,"ThermalCamera2023-08-11_11-11-49+0200_B44_W_temperature","2023-08-11","B44",1,"R1",11,"W","Fagus Sylvatica"
"416",6,32.2934494018555,"Black_Shade",15267,"ThermalCamera2023-08-11_11-11-49+0200_B44_W_temperature","2023-08-11","B44",1,"R1",11,"W","Fagus Sylvatica"
"417",7,32.5204620361328,"Black_Shade",15304,"ThermalCamera2023-08-11_11-11-49+0200_B44_W_temperature","2023-08-11","B44",1,"R1",11,"W","Fagus Sylvatica"
"418",8,32.1336441040039,"Black_Shade",15241,"ThermalCamera2023-08-11_11-11-49+0200_B44_W_temperature","2023-08-11","B44",1,"R1",11,"W","Fagus Sylvatica"
"419",9,32.1151924133301,"Black_Shade",15238,"ThermalCamera2023-08-11_11-11-49+0200_B44_W_temperature","2023-08-11","B44",1,"R1",11,"W","Fagus Sylvatica"
"420",10,32.1582450866699,"Black_Shade",15245,"ThermalCamera2023-08-11_11-11-49+0200_B44_W_temperature","2023-08-11","B44",1,"R1",11,"W","Fagus Sylvatica"
"421",11,31.4178161621094,"Silver_Shade",15125,"ThermalCamera2023-08-11_11-11-49+0200_B44_W_temperature","2023-08-11","B44",1,"R1",11,"W","Fagus Sylvatica"
"422",12,31.3496913909912,"Silver_Shade",15114,"ThermalCamera2023-08-11_11-11-49+0200_B44_W_temperature","2023-08-11","B44",1,"R1",11,"W","Fagus Sylvatica"
"423",13,30.8840637207031,"Silver_Shade",15039,"ThermalCamera2023-08-11_11-11-49+0200_B44_W_temperature","2023-08-11","B44",1,"R1",11,"W","Fagus Sylvatica"
"424",14,31.1016044616699,"Silver_Shade",15074,"ThermalCamera2023-08-11_11-11-49+0200_B44_W_temperature","2023-08-11","B44",1,"R1",11,"W","Fagus Sylvatica"
"425",15,31.1512680053711,"Silver_Shade",15082,"ThermalCamera2023-08-11_11-11-49+0200_B44_W_temperature","2023-08-11","B44",1,"R1",11,"W","Fagus Sylvatica"
"426",16,31.9551277160645,"Green_Dry_Shade",15212,"ThermalCamera2023-08-11_11-11-49+0200_B44_W_temperature","2023-08-11","B44",1,"R1",11,"W","Fagus Sylvatica"
"427",17,31.5910339355469,"Green_Dry_Shade",15153,"ThermalCamera2023-08-11_11-11-49+0200_B44_W_temperature","2023-08-11","B44",1,"R1",11,"W","Fagus Sylvatica"
"428",18,31.8318424224854,"Green_Dry_Shade",15192,"ThermalCamera2023-08-11_11-11-49+0200_B44_W_temperature","2023-08-11","B44",1,"R1",11,"W","Fagus Sylvatica"
"429",19,31.4673347473145,"Green_Dry_Shade",15133,"ThermalCamera2023-08-11_11-11-49+0200_B44_W_temperature","2023-08-11","B44",1,"R1",11,"W","Fagus Sylvatica"
"430",20,31.36208152771,"Green_Dry_Shade",15116,"ThermalCamera2023-08-11_11-11-49+0200_B44_W_temperature","2023-08-11","B44",1,"R1",11,"W","Fagus Sylvatica"
"431",21,26.7745838165283,"Green_Wet_Shade",14391,"ThermalCamera2023-08-11_11-11-49+0200_B44_W_temperature","2023-08-11","B44",1,"R1",11,"W","Fagus Sylvatica"
"432",22,26.4118347167969,"Green_Wet_Shade",14335,"ThermalCamera2023-08-11_11-11-49+0200_B44_W_temperature","2023-08-11","B44",1,"R1",11,"W","Fagus Sylvatica"
"433",23,26.8973751068115,"Green_Wet_Shade",14410,"ThermalCamera2023-08-11_11-11-49+0200_B44_W_temperature","2023-08-11","B44",1,"R1",11,"W","Fagus Sylvatica"
"434",24,26.7228393554688,"Green_Wet_Shade",14383,"ThermalCamera2023-08-11_11-11-49+0200_B44_W_temperature","2023-08-11","B44",1,"R1",11,"W","Fagus Sylvatica"
"435",25,26.7616500854492,"Green_Wet_Shade",14389,"ThermalCamera2023-08-11_11-11-49+0200_B44_W_temperature","2023-08-11","B44",1,"R1",11,"W","Fagus Sylvatica"
"436",1,34.1751251220703,"Tree_Sun",15576,"ThermalCamera2023-08-11_11-17-57+0200_B13_W_temperature","2023-08-11","B13",1,"R2",6,"W","Fagus Sylvatica"
"437",2,34.1932373046875,"Tree_Sun",15579,"ThermalCamera2023-08-11_11-17-57+0200_B13_W_temperature","2023-08-11","B13",1,"R2",6,"W","Fagus Sylvatica"
"438",3,31.7886581420898,"Tree_Sun",15185,"ThermalCamera2023-08-11_11-17-57+0200_B13_W_temperature","2023-08-11","B13",1,"R2",6,"W","Fagus Sylvatica"
"439",4,35.1789779663086,"Tree_Sun",15743,"ThermalCamera2023-08-11_11-17-57+0200_B13_W_temperature","2023-08-11","B13",1,"R2",6,"W","Fagus Sylvatica"
"440",5,34.4525337219238,"Tree_Sun",15622,"ThermalCamera2023-08-11_11-17-57+0200_B13_W_temperature","2023-08-11","B13",1,"R2",6,"W","Fagus Sylvatica"
"441",6,52.4174880981445,"Black_Sun",18845,"ThermalCamera2023-08-11_11-17-57+0200_B13_W_temperature","2023-08-11","B13",1,"R2",6,"W","Fagus Sylvatica"
"442",7,53.404411315918,"Black_Sun",19036,"ThermalCamera2023-08-11_11-17-57+0200_B13_W_temperature","2023-08-11","B13",1,"R2",6,"W","Fagus Sylvatica"
"443",8,54.1077346801758,"Black_Sun",19173,"ThermalCamera2023-08-11_11-17-57+0200_B13_W_temperature","2023-08-11","B13",1,"R2",6,"W","Fagus Sylvatica"
"444",9,51.7205772399902,"Black_Sun",18711,"ThermalCamera2023-08-11_11-17-57+0200_B13_W_temperature","2023-08-11","B13",1,"R2",6,"W","Fagus Sylvatica"
"445",10,52.5937232971191,"Black_Sun",18879,"ThermalCamera2023-08-11_11-17-57+0200_B13_W_temperature","2023-08-11","B13",1,"R2",6,"W","Fagus Sylvatica"
"446",11,34.6090278625488,"Silver_Sun",15648,"ThermalCamera2023-08-11_11-17-57+0200_B13_W_temperature","2023-08-11","B13",1,"R2",6,"W","Fagus Sylvatica"
"447",12,34.6210556030273,"Silver_Sun",15650,"ThermalCamera2023-08-11_11-17-57+0200_B13_W_temperature","2023-08-11","B13",1,"R2",6,"W","Fagus Sylvatica"
"448",13,34.2173843383789,"Silver_Sun",15583,"ThermalCamera2023-08-11_11-17-57+0200_B13_W_temperature","2023-08-11","B13",1,"R2",6,"W","Fagus Sylvatica"
"449",14,33.8667526245117,"Silver_Sun",15525,"ThermalCamera2023-08-11_11-17-57+0200_B13_W_temperature","2023-08-11","B13",1,"R2",6,"W","Fagus Sylvatica"
"450",15,33.9998779296875,"Silver_Sun",15547,"ThermalCamera2023-08-11_11-17-57+0200_B13_W_temperature","2023-08-11","B13",1,"R2",6,"W","Fagus Sylvatica"
"451",16,36.470142364502,"Green_Wet_Sun",15960,"ThermalCamera2023-08-11_11-17-57+0200_B13_W_temperature","2023-08-11","B13",1,"R2",6,"W","Fagus Sylvatica"
"452",17,36.2213859558105,"Green_Wet_Sun",15918,"ThermalCamera2023-08-11_11-17-57+0200_B13_W_temperature","2023-08-11","B13",1,"R2",6,"W","Fagus Sylvatica"
"453",18,37.0308036804199,"Green_Wet_Sun",16055,"ThermalCamera2023-08-11_11-17-57+0200_B13_W_temperature","2023-08-11","B13",1,"R2",6,"W","Fagus Sylvatica"
"454",19,37.383487701416,"Green_Wet_Sun",16115,"ThermalCamera2023-08-11_11-17-57+0200_B13_W_temperature","2023-08-11","B13",1,"R2",6,"W","Fagus Sylvatica"
"455",20,35.3643379211426,"Green_Wet_Sun",15774,"ThermalCamera2023-08-11_11-17-57+0200_B13_W_temperature","2023-08-11","B13",1,"R2",6,"W","Fagus Sylvatica"
"456",21,44.9287071228027,"Green_Dry_Sun",17443,"ThermalCamera2023-08-11_11-17-57+0200_B13_W_temperature","2023-08-11","B13",1,"R2",6,"W","Fagus Sylvatica"
"457",22,44.5979118347168,"Green_Dry_Sun",17383,"ThermalCamera2023-08-11_11-17-57+0200_B13_W_temperature","2023-08-11","B13",1,"R2",6,"W","Fagus Sylvatica"
"458",23,45.176212310791,"Green_Dry_Sun",17488,"ThermalCamera2023-08-11_11-17-57+0200_B13_W_temperature","2023-08-11","B13",1,"R2",6,"W","Fagus Sylvatica"
"459",24,45.6533050537109,"Green_Dry_Sun",17575,"ThermalCamera2023-08-11_11-17-57+0200_B13_W_temperature","2023-08-11","B13",1,"R2",6,"W","Fagus Sylvatica"
"460",25,45.2091751098633,"Green_Dry_Sun",17494,"ThermalCamera2023-08-11_11-17-57+0200_B13_W_temperature","2023-08-11","B13",1,"R2",6,"W","Fagus Sylvatica"
"461",1,28.7032032012939,"Tree_Shade",14692,"ThermalCamera2023-08-11_11-20-07+0200_B17_W_temperature","2023-08-11","B17",1,"R2",10,"W","Fagus Sylvatica"
"462",2,27.5091800689697,"Tree_Shade",14505,"ThermalCamera2023-08-11_11-20-07+0200_B17_W_temperature","2023-08-11","B17",1,"R2",10,"W","Fagus Sylvatica"
"463",3,29.1593780517578,"Tree_Shade",14764,"ThermalCamera2023-08-11_11-20-07+0200_B17_W_temperature","2023-08-11","B17",1,"R2",10,"W","Fagus Sylvatica"
"464",4,29.1657009124756,"Tree_Shade",14765,"ThermalCamera2023-08-11_11-20-07+0200_B17_W_temperature","2023-08-11","B17",1,"R2",10,"W","Fagus Sylvatica"
"465",5,27.8297595977783,"Tree_Shade",14555,"ThermalCamera2023-08-11_11-20-07+0200_B17_W_temperature","2023-08-11","B17",1,"R2",10,"W","Fagus Sylvatica"
"466",6,34.7893257141113,"Tree_Sun",15678,"ThermalCamera2023-08-11_11-20-07+0200_B17_W_temperature","2023-08-11","B17",1,"R2",10,"W","Fagus Sylvatica"
"467",7,34.7953300476074,"Tree_Sun",15679,"ThermalCamera2023-08-11_11-20-07+0200_B17_W_temperature","2023-08-11","B17",1,"R2",10,"W","Fagus Sylvatica"
"468",8,34.4224166870117,"Tree_Sun",15617,"ThermalCamera2023-08-11_11-20-07+0200_B17_W_temperature","2023-08-11","B17",1,"R2",10,"W","Fagus Sylvatica"
"469",9,33.4907112121582,"Tree_Sun",15463,"ThermalCamera2023-08-11_11-20-07+0200_B17_W_temperature","2023-08-11","B17",1,"R2",10,"W","Fagus Sylvatica"
"470",10,36.3399085998535,"Tree_Sun",15938,"ThermalCamera2023-08-11_11-20-07+0200_B17_W_temperature","2023-08-11","B17",1,"R2",10,"W","Fagus Sylvatica"
"471",11,39.0903930664062,"Black_Shade",16408,"ThermalCamera2023-08-11_11-20-07+0200_B17_W_temperature","2023-08-11","B17",1,"R2",10,"W","Fagus Sylvatica"
"472",12,39.9373741149902,"Black_Shade",16555,"ThermalCamera2023-08-11_11-20-07+0200_B17_W_temperature","2023-08-11","B17",1,"R2",10,"W","Fagus Sylvatica"
"473",13,38.7313041687012,"Black_Shade",16346,"ThermalCamera2023-08-11_11-20-07+0200_B17_W_temperature","2023-08-11","B17",1,"R2",10,"W","Fagus Sylvatica"
"474",14,40.2183418273926,"Black_Shade",16604,"ThermalCamera2023-08-11_11-20-07+0200_B17_W_temperature","2023-08-11","B17",1,"R2",10,"W","Fagus Sylvatica"
"475",15,40.5728874206543,"Black_Shade",16666,"ThermalCamera2023-08-11_11-20-07+0200_B17_W_temperature","2023-08-11","B17",1,"R2",10,"W","Fagus Sylvatica"
"476",16,31.0891857147217,"Silver_Shade",15072,"ThermalCamera2023-08-11_11-20-07+0200_B17_W_temperature","2023-08-11","B17",1,"R2",10,"W","Fagus Sylvatica"
"477",17,31.3682765960693,"Silver_Shade",15117,"ThermalCamera2023-08-11_11-20-07+0200_B17_W_temperature","2023-08-11","B17",1,"R2",10,"W","Fagus Sylvatica"
"478",18,31.4487686157227,"Silver_Shade",15130,"ThermalCamera2023-08-11_11-20-07+0200_B17_W_temperature","2023-08-11","B17",1,"R2",10,"W","Fagus Sylvatica"
"479",19,31.578670501709,"Silver_Shade",15151,"ThermalCamera2023-08-11_11-20-07+0200_B17_W_temperature","2023-08-11","B17",1,"R2",10,"W","Fagus Sylvatica"
"480",20,31.3001194000244,"Silver_Shade",15106,"ThermalCamera2023-08-11_11-20-07+0200_B17_W_temperature","2023-08-11","B17",1,"R2",10,"W","Fagus Sylvatica"
"481",21,34.6871910095215,"Green_Dry_Shade",15661,"ThermalCamera2023-08-11_11-20-07+0200_B17_W_temperature","2023-08-11","B17",1,"R2",10,"W","Fagus Sylvatica"
"482",22,34.3380355834961,"Green_Dry_Shade",15603,"ThermalCamera2023-08-11_11-20-07+0200_B17_W_temperature","2023-08-11","B17",1,"R2",10,"W","Fagus Sylvatica"
"483",23,33.9938316345215,"Green_Dry_Shade",15546,"ThermalCamera2023-08-11_11-20-07+0200_B17_W_temperature","2023-08-11","B17",1,"R2",10,"W","Fagus Sylvatica"
"484",24,34.8493614196777,"Green_Dry_Shade",15688,"ThermalCamera2023-08-11_11-20-07+0200_B17_W_temperature","2023-08-11","B17",1,"R2",10,"W","Fagus Sylvatica"
"485",25,34.8853645324707,"Green_Dry_Shade",15694,"ThermalCamera2023-08-11_11-20-07+0200_B17_W_temperature","2023-08-11","B17",1,"R2",10,"W","Fagus Sylvatica"
"486",26,27.5990409851074,"Green_Wet_Shade",14519,"ThermalCamera2023-08-11_11-20-07+0200_B17_W_temperature","2023-08-11","B17",1,"R2",10,"W","Fagus Sylvatica"
"487",27,28.136604309082,"Green_Wet_Shade",14603,"ThermalCamera2023-08-11_11-20-07+0200_B17_W_temperature","2023-08-11","B17",1,"R2",10,"W","Fagus Sylvatica"
"488",28,28.0855236053467,"Green_Wet_Shade",14595,"ThermalCamera2023-08-11_11-20-07+0200_B17_W_temperature","2023-08-11","B17",1,"R2",10,"W","Fagus Sylvatica"
"489",29,26.9425773620605,"Green_Wet_Shade",14417,"ThermalCamera2023-08-11_11-20-07+0200_B17_W_temperature","2023-08-11","B17",1,"R2",10,"W","Fagus Sylvatica"
"490",30,27.7400951385498,"Green_Wet_Shade",14541,"ThermalCamera2023-08-11_11-20-07+0200_B17_W_temperature","2023-08-11","B17",1,"R2",10,"W","Fagus Sylvatica"
"491",1,36.0017929077148,"Tree_Sun",15881,"ThermalCamera2023-08-11_11-33-24+0200_B2_W_temperature","2023-08-11","B2",1,"R3",8,"W","Fagus Sylvatica"
"492",2,34.9153594970703,"Tree_Sun",15699,"ThermalCamera2023-08-11_11-33-24+0200_B2_W_temperature","2023-08-11","B2",1,"R3",8,"W","Fagus Sylvatica"
"493",3,35.3105545043945,"Tree_Sun",15765,"ThermalCamera2023-08-11_11-33-24+0200_B2_W_temperature","2023-08-11","B2",1,"R3",8,"W","Fagus Sylvatica"
"494",4,35.5792083740234,"Tree_Sun",15810,"ThermalCamera2023-08-11_11-33-24+0200_B2_W_temperature","2023-08-11","B2",1,"R3",8,"W","Fagus Sylvatica"
"495",5,35.8115272521973,"Tree_Sun",15849,"ThermalCamera2023-08-11_11-33-24+0200_B2_W_temperature","2023-08-11","B2",1,"R3",8,"W","Fagus Sylvatica"
"496",6,64.0434722900391,"Black_Sun",21187,"ThermalCamera2023-08-11_11-33-24+0200_B2_W_temperature","2023-08-11","B2",1,"R3",8,"W","Fagus Sylvatica"
"497",7,63.4663238525391,"Black_Sun",21066,"ThermalCamera2023-08-11_11-33-24+0200_B2_W_temperature","2023-08-11","B2",1,"R3",8,"W","Fagus Sylvatica"
"498",8,60.7784881591797,"Black_Sun",20509,"ThermalCamera2023-08-11_11-33-24+0200_B2_W_temperature","2023-08-11","B2",1,"R3",8,"W","Fagus Sylvatica"
"499",9,61.7979431152344,"Black_Sun",20719,"ThermalCamera2023-08-11_11-33-24+0200_B2_W_temperature","2023-08-11","B2",1,"R3",8,"W","Fagus Sylvatica"
"500",10,60.617603302002,"Black_Sun",20476,"ThermalCamera2023-08-11_11-33-24+0200_B2_W_temperature","2023-08-11","B2",1,"R3",8,"W","Fagus Sylvatica"
"501",11,36.2510299682617,"Silver_Sun",15923,"ThermalCamera2023-08-11_11-33-24+0200_B2_W_temperature","2023-08-11","B2",1,"R3",8,"W","Fagus Sylvatica"
"502",12,36.3872833251953,"Silver_Sun",15946,"ThermalCamera2023-08-11_11-33-24+0200_B2_W_temperature","2023-08-11","B2",1,"R3",8,"W","Fagus Sylvatica"
"503",13,35.6090202331543,"Silver_Sun",15815,"ThermalCamera2023-08-11_11-33-24+0200_B2_W_temperature","2023-08-11","B2",1,"R3",8,"W","Fagus Sylvatica"
"504",14,36.5588493347168,"Silver_Sun",15975,"ThermalCamera2023-08-11_11-33-24+0200_B2_W_temperature","2023-08-11","B2",1,"R3",8,"W","Fagus Sylvatica"
"505",15,36.0849304199219,"Silver_Sun",15895,"ThermalCamera2023-08-11_11-33-24+0200_B2_W_temperature","2023-08-11","B2",1,"R3",8,"W","Fagus Sylvatica"
"506",16,40.9832801818848,"Green_Wet_Sun",16738,"ThermalCamera2023-08-11_11-33-24+0200_B2_W_temperature","2023-08-11","B2",1,"R3",8,"W","Fagus Sylvatica"
"507",17,38.7429046630859,"Green_Wet_Sun",16348,"ThermalCamera2023-08-11_11-33-24+0200_B2_W_temperature","2023-08-11","B2",1,"R3",8,"W","Fagus Sylvatica"
"508",18,39.7017593383789,"Green_Wet_Sun",16514,"ThermalCamera2023-08-11_11-33-24+0200_B2_W_temperature","2023-08-11","B2",1,"R3",8,"W","Fagus Sylvatica"
"509",19,40.281322479248,"Green_Wet_Sun",16615,"ThermalCamera2023-08-11_11-33-24+0200_B2_W_temperature","2023-08-11","B2",1,"R3",8,"W","Fagus Sylvatica"
"510",20,35.9661407470703,"Green_Wet_Sun",15875,"ThermalCamera2023-08-11_11-33-24+0200_B2_W_temperature","2023-08-11","B2",1,"R3",8,"W","Fagus Sylvatica"
"511",21,52.9867897033691,"Green_Dry_Sun",18955,"ThermalCamera2023-08-11_11-33-24+0200_B2_W_temperature","2023-08-11","B2",1,"R3",8,"W","Fagus Sylvatica"
"512",22,52.6247978210449,"Green_Dry_Sun",18885,"ThermalCamera2023-08-11_11-33-24+0200_B2_W_temperature","2023-08-11","B2",1,"R3",8,"W","Fagus Sylvatica"
"513",23,52.5989036560059,"Green_Dry_Sun",18880,"ThermalCamera2023-08-11_11-33-24+0200_B2_W_temperature","2023-08-11","B2",1,"R3",8,"W","Fagus Sylvatica"
"514",24,53.8873901367188,"Green_Dry_Sun",19130,"ThermalCamera2023-08-11_11-33-24+0200_B2_W_temperature","2023-08-11","B2",1,"R3",8,"W","Fagus Sylvatica"
"515",25,51.8196220397949,"Green_Dry_Sun",18730,"ThermalCamera2023-08-11_11-33-24+0200_B2_W_temperature","2023-08-11","B2",1,"R3",8,"W","Fagus Sylvatica"
"516",26,29.3678092956543,"Tree_Shade",14797,"ThermalCamera2023-08-11_11-33-24+0200_B2_W_temperature","2023-08-11","B2",1,"R3",8,"W","Fagus Sylvatica"
"517",27,29.7394485473633,"Tree_Shade",14856,"ThermalCamera2023-08-11_11-33-24+0200_B2_W_temperature","2023-08-11","B2",1,"R3",8,"W","Fagus Sylvatica"
"518",28,29.6702575683594,"Tree_Shade",14845,"ThermalCamera2023-08-11_11-33-24+0200_B2_W_temperature","2023-08-11","B2",1,"R3",8,"W","Fagus Sylvatica"
"519",29,29.8023109436035,"Tree_Shade",14866,"ThermalCamera2023-08-11_11-33-24+0200_B2_W_temperature","2023-08-11","B2",1,"R3",8,"W","Fagus Sylvatica"
"520",30,29.9969501495361,"Tree_Shade",14897,"ThermalCamera2023-08-11_11-33-24+0200_B2_W_temperature","2023-08-11","B2",1,"R3",8,"W","Fagus Sylvatica"
"521",1,34.5849685668945,"Tree_Shade",15644,"ThermalCamera2023-08-11_11-36-41+0200_B24_D_temperature","2023-08-11","B24",1,"R3",11,"D","Fagus Sylvatica"
"522",2,34.8433570861816,"Tree_Shade",15687,"ThermalCamera2023-08-11_11-36-41+0200_B24_D_temperature","2023-08-11","B24",1,"R3",11,"D","Fagus Sylvatica"
"523",3,34.0845146179199,"Tree_Shade",15561,"ThermalCamera2023-08-11_11-36-41+0200_B24_D_temperature","2023-08-11","B24",1,"R3",11,"D","Fagus Sylvatica"
"524",4,35.0532379150391,"Tree_Shade",15722,"ThermalCamera2023-08-11_11-36-41+0200_B24_D_temperature","2023-08-11","B24",1,"R3",11,"D","Fagus Sylvatica"
"525",5,34.2415237426758,"Tree_Shade",15587,"ThermalCamera2023-08-11_11-36-41+0200_B24_D_temperature","2023-08-11","B24",1,"R3",11,"D","Fagus Sylvatica"
"526",6,37.8520545959473,"Tree_Sun",16195,"ThermalCamera2023-08-11_11-36-41+0200_B24_D_temperature","2023-08-11","B24",1,"R3",11,"D","Fagus Sylvatica"
"527",7,38.3652801513672,"Tree_Sun",16283,"ThermalCamera2023-08-11_11-36-41+0200_B24_D_temperature","2023-08-11","B24",1,"R3",11,"D","Fagus Sylvatica"
"528",8,37.8929634094238,"Tree_Sun",16202,"ThermalCamera2023-08-11_11-36-41+0200_B24_D_temperature","2023-08-11","B24",1,"R3",11,"D","Fagus Sylvatica"
"529",9,42.2059783935547,"Tree_Sun",16954,"ThermalCamera2023-08-11_11-36-41+0200_B24_D_temperature","2023-08-11","B24",1,"R3",11,"D","Fagus Sylvatica"
"530",10,38.3710975646973,"Tree_Sun",16284,"ThermalCamera2023-08-11_11-36-41+0200_B24_D_temperature","2023-08-11","B24",1,"R3",11,"D","Fagus Sylvatica"
"531",11,38.0972900390625,"Black_Shade",16237,"ThermalCamera2023-08-11_11-36-41+0200_B24_D_temperature","2023-08-11","B24",1,"R3",11,"D","Fagus Sylvatica"
"532",12,38.8994026184082,"Black_Shade",16375,"ThermalCamera2023-08-11_11-36-41+0200_B24_D_temperature","2023-08-11","B24",1,"R3",11,"D","Fagus Sylvatica"
"533",13,38.9283638000488,"Black_Shade",16380,"ThermalCamera2023-08-11_11-36-41+0200_B24_D_temperature","2023-08-11","B24",1,"R3",11,"D","Fagus Sylvatica"
"534",14,39.5175361633301,"Black_Shade",16482,"ThermalCamera2023-08-11_11-36-41+0200_B24_D_temperature","2023-08-11","B24",1,"R3",11,"D","Fagus Sylvatica"
"535",15,39.1655464172363,"Black_Shade",16421,"ThermalCamera2023-08-11_11-36-41+0200_B24_D_temperature","2023-08-11","B24",1,"R3",11,"D","Fagus Sylvatica"
"536",16,34.1690864562988,"Silver_Shade",15575,"ThermalCamera2023-08-11_11-36-41+0200_B24_D_temperature","2023-08-11","B24",1,"R3",11,"D","Fagus Sylvatica"
"537",17,33.9454383850098,"Silver_Shade",15538,"ThermalCamera2023-08-11_11-36-41+0200_B24_D_temperature","2023-08-11","B24",1,"R3",11,"D","Fagus Sylvatica"
"538",18,34.0542945861816,"Silver_Shade",15556,"ThermalCamera2023-08-11_11-36-41+0200_B24_D_temperature","2023-08-11","B24",1,"R3",11,"D","Fagus Sylvatica"
"539",19,33.9575386047363,"Silver_Shade",15540,"ThermalCamera2023-08-11_11-36-41+0200_B24_D_temperature","2023-08-11","B24",1,"R3",11,"D","Fagus Sylvatica"
"540",20,33.9696388244629,"Silver_Shade",15542,"ThermalCamera2023-08-11_11-36-41+0200_B24_D_temperature","2023-08-11","B24",1,"R3",11,"D","Fagus Sylvatica"
"541",21,37.1131935119629,"Green_Dry_Shade",16069,"ThermalCamera2023-08-11_11-36-41+0200_B24_D_temperature","2023-08-11","B24",1,"R3",11,"D","Fagus Sylvatica"
"542",22,37.2072830200195,"Green_Dry_Shade",16085,"ThermalCamera2023-08-11_11-36-41+0200_B24_D_temperature","2023-08-11","B24",1,"R3",11,"D","Fagus Sylvatica"
"543",23,37.3893585205078,"Green_Dry_Shade",16116,"ThermalCamera2023-08-11_11-36-41+0200_B24_D_temperature","2023-08-11","B24",1,"R3",11,"D","Fagus Sylvatica"
"544",24,37.0190277099609,"Green_Dry_Shade",16053,"ThermalCamera2023-08-11_11-36-41+0200_B24_D_temperature","2023-08-11","B24",1,"R3",11,"D","Fagus Sylvatica"
"545",25,37.6999816894531,"Green_Dry_Shade",16169,"ThermalCamera2023-08-11_11-36-41+0200_B24_D_temperature","2023-08-11","B24",1,"R3",11,"D","Fagus Sylvatica"
"546",26,28.9378700256348,"Green_Wet_Shade",14729,"ThermalCamera2023-08-11_11-36-41+0200_B24_D_temperature","2023-08-11","B24",1,"R3",11,"D","Fagus Sylvatica"
"547",27,28.633337020874,"Green_Wet_Shade",14681,"ThermalCamera2023-08-11_11-36-41+0200_B24_D_temperature","2023-08-11","B24",1,"R3",11,"D","Fagus Sylvatica"
"548",28,29.1973037719727,"Green_Wet_Shade",14770,"ThermalCamera2023-08-11_11-36-41+0200_B24_D_temperature","2023-08-11","B24",1,"R3",11,"D","Fagus Sylvatica"
"549",29,28.2450637817383,"Green_Wet_Shade",14620,"ThermalCamera2023-08-11_11-36-41+0200_B24_D_temperature","2023-08-11","B24",1,"R3",11,"D","Fagus Sylvatica"
"550",30,28.1876583099365,"Green_Wet_Shade",14611,"ThermalCamera2023-08-11_11-36-41+0200_B24_D_temperature","2023-08-11","B24",1,"R3",11,"D","Fagus Sylvatica"
"551",1,40.0693397521973,"Tree_Sun",16578,"ThermalCamera2023-08-11_11-45-27+0200_B3_W_temperature","2023-08-11","B3",1,"R4",4,"W","Fagus Sylvatica"
"552",2,40.7497596740723,"Tree_Sun",16697,"ThermalCamera2023-08-11_11-45-27+0200_B3_W_temperature","2023-08-11","B3",1,"R4",4,"W","Fagus Sylvatica"
"553",3,42.7117500305176,"Tree_Sun",17044,"ThermalCamera2023-08-11_11-45-27+0200_B3_W_temperature","2023-08-11","B3",1,"R4",4,"W","Fagus Sylvatica"
"554",4,39.7995109558105,"Tree_Sun",16531,"ThermalCamera2023-08-11_11-45-27+0200_B3_W_temperature","2023-08-11","B3",1,"R4",4,"W","Fagus Sylvatica"
"555",5,38.98046875,"Tree_Sun",16389,"ThermalCamera2023-08-11_11-45-27+0200_B3_W_temperature","2023-08-11","B3",1,"R4",4,"W","Fagus Sylvatica"
"556",6,32.2504463195801,"Tree_Shade",15260,"ThermalCamera2023-08-11_11-45-27+0200_B3_W_temperature","2023-08-11","B3",1,"R4",4,"W","Fagus Sylvatica"
"557",7,32.4652862548828,"Tree_Shade",15295,"ThermalCamera2023-08-11_11-45-27+0200_B3_W_temperature","2023-08-11","B3",1,"R4",4,"W","Fagus Sylvatica"
"558",8,32.1705436706543,"Tree_Shade",15247,"ThermalCamera2023-08-11_11-45-27+0200_B3_W_temperature","2023-08-11","B3",1,"R4",4,"W","Fagus Sylvatica"
"559",9,32.8326034545898,"Tree_Shade",15355,"ThermalCamera2023-08-11_11-45-27+0200_B3_W_temperature","2023-08-11","B3",1,"R4",4,"W","Fagus Sylvatica"
"560",10,34.3500938415527,"Tree_Shade",15605,"ThermalCamera2023-08-11_11-45-27+0200_B3_W_temperature","2023-08-11","B3",1,"R4",4,"W","Fagus Sylvatica"
"561",11,61.2551651000977,"Black_Sun",20607,"ThermalCamera2023-08-11_11-45-27+0200_B3_W_temperature","2023-08-11","B3",1,"R4",4,"W","Fagus Sylvatica"
"562",12,61.8801460266113,"Black_Sun",20736,"ThermalCamera2023-08-11_11-45-27+0200_B3_W_temperature","2023-08-11","B3",1,"R4",4,"W","Fagus Sylvatica"
"563",13,61.1871681213379,"Black_Sun",20593,"ThermalCamera2023-08-11_11-45-27+0200_B3_W_temperature","2023-08-11","B3",1,"R4",4,"W","Fagus Sylvatica"
"564",14,61.5268211364746,"Black_Sun",20663,"ThermalCamera2023-08-11_11-45-27+0200_B3_W_temperature","2023-08-11","B3",1,"R4",4,"W","Fagus Sylvatica"
"565",15,61.4831962585449,"Black_Sun",20654,"ThermalCamera2023-08-11_11-45-27+0200_B3_W_temperature","2023-08-11","B3",1,"R4",4,"W","Fagus Sylvatica"
"566",16,36.9247817993164,"Green_Wet_Sun",16037,"ThermalCamera2023-08-11_11-45-27+0200_B3_W_temperature","2023-08-11","B3",1,"R4",4,"W","Fagus Sylvatica"
"567",17,38.2604866027832,"Green_Wet_Sun",16265,"ThermalCamera2023-08-11_11-45-27+0200_B3_W_temperature","2023-08-11","B3",1,"R4",4,"W","Fagus Sylvatica"
"568",18,37.6590042114258,"Green_Wet_Sun",16162,"ThermalCamera2023-08-11_11-45-27+0200_B3_W_temperature","2023-08-11","B3",1,"R4",4,"W","Fagus Sylvatica"
"569",19,38.038948059082,"Green_Wet_Sun",16227,"ThermalCamera2023-08-11_11-45-27+0200_B3_W_temperature","2023-08-11","B3",1,"R4",4,"W","Fagus Sylvatica"
"570",20,35.9542541503906,"Green_Wet_Sun",15873,"ThermalCamera2023-08-11_11-45-27+0200_B3_W_temperature","2023-08-11","B3",1,"R4",4,"W","Fagus Sylvatica"
"571",21,37.0778884887695,"Silver_Sun",16063,"ThermalCamera2023-08-11_11-45-27+0200_B3_W_temperature","2023-08-11","B3",1,"R4",4,"W","Fagus Sylvatica"
"572",22,37.0484619140625,"Silver_Sun",16058,"ThermalCamera2023-08-11_11-45-27+0200_B3_W_temperature","2023-08-11","B3",1,"R4",4,"W","Fagus Sylvatica"
"573",23,36.8894233703613,"Silver_Sun",16031,"ThermalCamera2023-08-11_11-45-27+0200_B3_W_temperature","2023-08-11","B3",1,"R4",4,"W","Fagus Sylvatica"
"574",24,36.511547088623,"Silver_Sun",15967,"ThermalCamera2023-08-11_11-45-27+0200_B3_W_temperature","2023-08-11","B3",1,"R4",4,"W","Fagus Sylvatica"
"575",25,36.458309173584,"Silver_Sun",15958,"ThermalCamera2023-08-11_11-45-27+0200_B3_W_temperature","2023-08-11","B3",1,"R4",4,"W","Fagus Sylvatica"
"576",26,48.2957038879395,"Green_Dry_Sun",18063,"ThermalCamera2023-08-11_11-45-27+0200_B3_W_temperature","2023-08-11","B3",1,"R4",4,"W","Fagus Sylvatica"
"577",27,50.0144081115723,"Green_Dry_Sun",18386,"ThermalCamera2023-08-11_11-45-27+0200_B3_W_temperature","2023-08-11","B3",1,"R4",4,"W","Fagus Sylvatica"
"578",28,50.3838233947754,"Green_Dry_Sun",18456,"ThermalCamera2023-08-11_11-45-27+0200_B3_W_temperature","2023-08-11","B3",1,"R4",4,"W","Fagus Sylvatica"
"579",29,50.0408325195312,"Green_Dry_Sun",18391,"ThermalCamera2023-08-11_11-45-27+0200_B3_W_temperature","2023-08-11","B3",1,"R4",4,"W","Fagus Sylvatica"
"580",30,49.5855979919434,"Green_Dry_Sun",18305,"ThermalCamera2023-08-11_11-45-27+0200_B3_W_temperature","2023-08-11","B3",1,"R4",4,"W","Fagus Sylvatica"
"581",1,33.527156829834,"Tree_Shade",15469,"ThermalCamera2023-08-11_11-48-38+0200_B35_D_temperature","2023-08-11","B35",1,"R4",7,"D","Fagus Sylvatica"
"582",2,33.7940673828125,"Tree_Shade",15513,"ThermalCamera2023-08-11_11-48-38+0200_B35_D_temperature","2023-08-11","B35",1,"R4",7,"D","Fagus Sylvatica"
"583",3,33.4117012023926,"Tree_Shade",15450,"ThermalCamera2023-08-11_11-48-38+0200_B35_D_temperature","2023-08-11","B35",1,"R4",7,"D","Fagus Sylvatica"
"584",4,35.2208595275879,"Tree_Shade",15750,"ThermalCamera2023-08-11_11-48-38+0200_B35_D_temperature","2023-08-11","B35",1,"R4",7,"D","Fagus Sylvatica"
"585",5,34.7052230834961,"Tree_Shade",15664,"ThermalCamera2023-08-11_11-48-38+0200_B35_D_temperature","2023-08-11","B35",1,"R4",7,"D","Fagus Sylvatica"
"586",6,43.6446113586426,"Tree_Sun",17211,"ThermalCamera2023-08-11_11-48-38+0200_B35_D_temperature","2023-08-11","B35",1,"R4",7,"D","Fagus Sylvatica"
"587",7,43.0141868591309,"Tree_Sun",17098,"ThermalCamera2023-08-11_11-48-38+0200_B35_D_temperature","2023-08-11","B35",1,"R4",7,"D","Fagus Sylvatica"
"588",8,41.1993026733398,"Tree_Sun",16776,"ThermalCamera2023-08-11_11-48-38+0200_B35_D_temperature","2023-08-11","B35",1,"R4",7,"D","Fagus Sylvatica"
"589",9,41.5905456542969,"Tree_Sun",16845,"ThermalCamera2023-08-11_11-48-38+0200_B35_D_temperature","2023-08-11","B35",1,"R4",7,"D","Fagus Sylvatica"
"590",10,40.6927337646484,"Tree_Sun",16687,"ThermalCamera2023-08-11_11-48-38+0200_B35_D_temperature","2023-08-11","B35",1,"R4",7,"D","Fagus Sylvatica"
"591",11,48.5258712768555,"Black_Sun",18106,"ThermalCamera2023-08-11_11-48-38+0200_B35_D_temperature","2023-08-11","B35",1,"R4",7,"D","Fagus Sylvatica"
"592",12,49.2404327392578,"Black_Sun",18240,"ThermalCamera2023-08-11_11-48-38+0200_B35_D_temperature","2023-08-11","B35",1,"R4",7,"D","Fagus Sylvatica"
"593",13,49.6863136291504,"Black_Sun",18324,"ThermalCamera2023-08-11_11-48-38+0200_B35_D_temperature","2023-08-11","B35",1,"R4",7,"D","Fagus Sylvatica"
"594",14,52.8886337280273,"Black_Sun",18936,"ThermalCamera2023-08-11_11-48-38+0200_B35_D_temperature","2023-08-11","B35",1,"R4",7,"D","Fagus Sylvatica"
"595",15,55.983585357666,"Black_Sun",19542,"ThermalCamera2023-08-11_11-48-38+0200_B35_D_temperature","2023-08-11","B35",1,"R4",7,"D","Fagus Sylvatica"
"596",16,34.8013343811035,"Silver_Sun",15680,"ThermalCamera2023-08-11_11-48-38+0200_B35_D_temperature","2023-08-11","B35",1,"R4",7,"D","Fagus Sylvatica"
"597",17,34.416389465332,"Silver_Sun",15616,"ThermalCamera2023-08-11_11-48-38+0200_B35_D_temperature","2023-08-11","B35",1,"R4",7,"D","Fagus Sylvatica"
"598",18,34.7893257141113,"Silver_Sun",15678,"ThermalCamera2023-08-11_11-48-38+0200_B35_D_temperature","2023-08-11","B35",1,"R4",7,"D","Fagus Sylvatica"
"599",19,34.4946899414062,"Silver_Sun",15629,"ThermalCamera2023-08-11_11-48-38+0200_B35_D_temperature","2023-08-11","B35",1,"R4",7,"D","Fagus Sylvatica"
"600",20,34.3139152526855,"Silver_Sun",15599,"ThermalCamera2023-08-11_11-48-38+0200_B35_D_temperature","2023-08-11","B35",1,"R4",7,"D","Fagus Sylvatica"
"601",21,43.7447280883789,"Green_Dry_Sun",17229,"ThermalCamera2023-08-11_11-48-38+0200_B35_D_temperature","2023-08-11","B35",1,"R4",7,"D","Fagus Sylvatica"
"602",22,44.5923919677734,"Green_Dry_Sun",17382,"ThermalCamera2023-08-11_11-48-38+0200_B35_D_temperature","2023-08-11","B35",1,"R4",7,"D","Fagus Sylvatica"
"603",23,44.1443672180176,"Green_Dry_Sun",17301,"ThermalCamera2023-08-11_11-48-38+0200_B35_D_temperature","2023-08-11","B35",1,"R4",7,"D","Fagus Sylvatica"
"604",24,43.7614059448242,"Green_Dry_Sun",17232,"ThermalCamera2023-08-11_11-48-38+0200_B35_D_temperature","2023-08-11","B35",1,"R4",7,"D","Fagus Sylvatica"
"605",25,44.1166572570801,"Green_Dry_Sun",17296,"ThermalCamera2023-08-11_11-48-38+0200_B35_D_temperature","2023-08-11","B35",1,"R4",7,"D","Fagus Sylvatica"
"606",26,33.2352447509766,"Green_Wet_Sun",15421,"ThermalCamera2023-08-11_11-48-38+0200_B35_D_temperature","2023-08-11","B35",1,"R4",7,"D","Fagus Sylvatica"
"607",27,34.1207695007324,"Green_Wet_Sun",15567,"ThermalCamera2023-08-11_11-48-38+0200_B35_D_temperature","2023-08-11","B35",1,"R4",7,"D","Fagus Sylvatica"
"608",28,34.4043388366699,"Green_Wet_Sun",15614,"ThermalCamera2023-08-11_11-48-38+0200_B35_D_temperature","2023-08-11","B35",1,"R4",7,"D","Fagus Sylvatica"
"609",29,33.6060829162598,"Green_Wet_Sun",15482,"ThermalCamera2023-08-11_11-48-38+0200_B35_D_temperature","2023-08-11","B35",1,"R4",7,"D","Fagus Sylvatica"
"610",30,34.3199462890625,"Green_Wet_Sun",15600,"ThermalCamera2023-08-11_11-48-38+0200_B35_D_temperature","2023-08-11","B35",1,"R4",7,"D","Fagus Sylvatica"
