"","X","date","pd.md","weather","operator","Tree.ID","WP_1..bar.","WP_1_korrigiert","sampling","measurement","number.of.leaves","WP_2.bar.","WP_2_korrigiert","sampling.1","measurement.1","number.of.leaves.1","WP_3.bar.","WP_3_korrigiert","sampling.2","measurement.2","number.of.leaves.2","WP_average..bar.","WP_average..MPa.","Max_achieved","Nr","Measurement.Nr","Table","Row","Treatment","Tree.Species"
"1",1,"27.06.2023","midday","overcast/wechselnd bewölkt","MS","T3","15",15,"12:38","12:43",NA,"18",18,"12:21","12:28",NA,NA,NA,"","",NA,16.5,-1.65,"No",4,1,1,"R1","W","White Fir"
"2",2,"27.06.2023","midday","overcast/wechselnd bewölkt","MS","D21","17",17,"12:45","12:52",NA,"16,5",16.5,"12:54","13:00",NA,NA,NA,"","",NA,16.75,-1.675,"No",5,1,1,"R1","D","Douglas Fir"
"3",3,"27.06.2023","midday","overcast/wechselnd bewölkt","MS","B15","21",21,"13:02","13:08",1,"19,5",19.5,"13:09","13:11",1,NA,NA,"","",NA,20.25,-2.025,"No",7,1,1,"R1","D","European Beech"
"4",4,"27.06.2023","midday","overcast/wechselnd bewölkt","MS","E1","18",18,"13:13","13:16",1,"15,5",15.5,"13:18","13:20",1,NA,NA,"","",NA,16.75,-1.675,"No",15,1,1,"R2","D","Pedunculate Oak"
"5",5,"27.06.2023","midday","overcast/wechselnd bewölkt","MS","D9","16,5",16.5,"13:21","13:25",NA,"16",16,"13:28","13:31",NA,NA,NA,"","",NA,16.25,-1.625,"No",22,1,1,"R3","W","Douglas Fir"
"6",6,"27.06.2023","midday","overcast/wechselnd bewölkt","MS","E5","16",16,"13:33","13:35",1,"17",17,"13:37","13:40",1,NA,NA,"","",NA,16.5,-1.65,"No",30,1,1,"R3","W","Pedunculate Oak"
"7",7,"27.06.2023","midday","overcast/wechselnd bewölkt","MS","T31","17",17,"13:43","13:46",NA,"16,5",16.5,"13:48","13:50",NA,NA,NA,"","",NA,16.75,-1.675,"No",31,1,1,"R4","D","White Fir"
"8",8,"27.06.2023","midday","overcast/wechselnd bewölkt","MS","B3","20,5",20.5,"14:04","14:07",1,"23,5",23.5,"14:09","14:10",1,NA,NA,"","",NA,22,-2.2,"No",32,1,1,"R4","W","European Beech"
"9",9,"27.06.2023","midday","overcast/wechselnd bewölkt","MS","T45","14",14,"15:03","15:05",NA,"13",13,"15:07","15:09",NA,NA,NA,"","",NA,13.5,-1.35,"No",46,1,2,"R5","D","White Fir"
"10",10,"27.06.2023","midday","overcast/wechselnd bewölkt","MS","D42","14,5",14.5,"15:11","15:13",NA,"13",13,"15:15","15:16",NA,NA,NA,"","",NA,13.75,-1.375,"No",47,1,2,"R5","W","Douglas Fir"
"11",11,"27.06.2023","midday","overcast/wechselnd bewölkt","MS","E45","15",15,"15:17","15:19",1,"16,5",16.5,"15:21","15:23",1,NA,NA,"","",NA,15.75,-1.575,"No",60,1,2,"R6","D","Pedunculate Oak"
"12",12,"27.06.2023","midday","overcast/wechselnd bewölkt","MS","D40","14,5",14.5,"15:25","15:27",NA,"15",15,"15:29","15:30",NA,NA,NA,"","",NA,14.75,-1.475,"No",62,1,2,"R7","D","Douglas Fir"
"13",13,"27.06.2023","midday","overcast/wechselnd bewölkt","MS","B1","19",19,"14:53","14:56",1,"22",22,"14:57","15:00",1,NA,NA,"","",NA,20.5,-2.05,"No",64,1,2,"R7","D","European Beech"
"14",14,"27.06.2023","midday","overcast/wechselnd bewölkt","MS","T1","18",18,"13:54","13:57",NA,"18",18,"13:59","14:01",NA,NA,NA,"","",NA,18,-1.8,"No",75,1,2,"R8","W","White Fir"
"15",15,"27.06.2023","midday","overcast/wechselnd bewölkt","MS","E15","14",14,"14:14","14:16",1,"18,5",18.5,"14:18","14:23",1,NA,NA,"","",NA,16.25,-1.625,"No",77,1,2,"R8","W","Pedunculate Oak"
"16",16,"27.06.2023","midday","overcast/wechselnd bewölkt","MS","B23","20,5",20.5,"14:26","14:29",1,"18,5",18.5,"14:32","14:33",1,NA,NA,"","",NA,19.5,-1.95,"No",79,1,2,"R8","W","European Beech"
"17",17,"29.06.2023","predawn","clear/light clouds","LH","B27","1",1,"3:30","3:31",1,"1",1,"3:32","3:34",1,NA,NA,"","",NA,1,-0.1,"No",1,2,1,"R1","D","European Beech"
"18",18,"29.06.2023","predawn","clear/light clouds","LH","D7","2",2,"2:48","2:50",NA,"2,5",2.5,"2:51","2:54",NA,NA,NA,"","",NA,2.25,-0.225,"No",13,2,1,"R2","D","Douglas Fir"
"19",19,"29.06.2023","predawn","clear/light clouds","LH","E35","1",1,"2:37","2:39",1,"3",3,"2:39","2:41",1,NA,NA,"","",NA,2,-0.2,"No",21,2,1,"R3","D","Pedunculate Oak"
"20",20,"29.06.2023","predawn","clear/light clouds","LH","T28","4",4,"2:30","2:32",NA,"2",2,"2:34","2:36",NA,NA,NA,"","",NA,3,-0.3,"No",25,2,1,"R3","D","White Fir"
"21",21,"29.06.2023","predawn","clear/light clouds","LH","B2","0,5",0.5,"3:45","3:46",1,"0,5",0.5,"3:47","3:48",1,NA,NA,"","",NA,0.5,-0.05,"No",26,2,1,"R3","W","European Beech"
"22",22,"29.06.2023","predawn","clear/light clouds","LH","E6","3,5",3.5,"3:21","3:23",1,"2",2,"3:23","3:25",1,NA,NA,"","",NA,2.75,-0.275,"No",34,2,1,"R4","W","Pedunculate Oak"
"23",23,"29.06.2023","predawn","clear/light clouds","LH","D3","2",2,"3:53","3:54",NA,"3",3,"3:56","3:58",NA,NA,NA,"","",NA,2.5,-0.25,"No",38,2,1,"R4","W","Douglas Fir"
"24",24,"29.06.2023","predawn","clear/light clouds","LH","T10","2,5",2.5,"3:59","4:02",NA,"2",2,"4:03","4:05",NA,NA,NA,"","",NA,2.25,-0.225,"No",40,2,1,"R4","W","White Fir"
"25",25,"29.06.2023","predawn","clear/light clouds","LH","E25","2",2,"4:07","4:09",1,"3",3,"4:09","4:11",1,NA,NA,"","",NA,2.5,-0.25,"No",48,5,2,"R5","D","Pedunculate Oak"
"26",26,"29.06.2023","predawn","clear/light clouds","LH","E19","1",1,"2:43","2:44",1,"1",1,"2:45","2:47",1,NA,NA,"","",NA,1,-0.1,"No",42,2,2,"R5","D","Pedunculate Oak"
"27",27,"29.06.2023","predawn","clear/light clouds","LH","D25","3",3,"4:12","4:14",NA,"3,5",3.5,"4:15","4:17",NA,NA,NA,"","",NA,3.25,-0.325,"No",55,2,2,"R6","W","Douglas Fir"
"28",28,"29.06.2023","predawn","clear/light clouds","LH","B37","1",1,"3:36","3:37",1,"0,5",0.5,"3:38","3:39",1,NA,NA,"","",NA,0.75,-0.075,"No",56,2,2,"R6","D","European Beech"
"29",29,"29.06.2023","predawn","clear/light clouds","LH","T44","3",3,"2:12","2:14",NA,"2",2,"2:22","2:24",NA,NA,NA,"","",NA,2.5,-0.25,"No",68,2,2,"R7","D","White Fir"
"30",30,"29.06.2023","predawn","clear/light clouds","LH","E37","2",2,"3:07","3:10",1,"3,5",3.5,"3:11","3:13",1,NA,NA,"","",NA,2.75,-0.275,"No",69,2,2,"R7","W","Pedunculate Oak"
"31",31,"29.06.2023","predawn","clear/light clouds","LH","B43","0,5",0.5,"3:40","3:41",1,"0,5",0.5,"3:43","3:44",1,NA,NA,"","",NA,0.5,-0.05,"No",73,2,2,"R8","W","European Beech"
"32",32,"29.06.2023","predawn","clear/light clouds","LH","D35","3,5",3.5,"2:59","3:01",NA,"4",4,"3:02","3:04",NA,NA,NA,"","",NA,3.75,-0.375,"No",80,2,2,"R8","D","Douglas Fir"
"33",33,"04.07.2023","predawn","cloudy, rainshowers from 3:30 on","LH","B44","1",1,"1:57","1:59",1,"1",1,"2:00","2:02",1,NA,NA,"","",NA,1,-0.1,"No",10,3,1,"R1","W","European Beech"
"34",34,"04.07.2023","predawn","cloudy, rainshowers from 3:30 on","LH","D39","4",4,"3:33","3:37",NA,"5,5",5.5,"3:40","3:44",NA,5,5,"3:47","3:50",NA,4.83333333333333,-0.483333333333333,"No",16,3,1,"R2","W","Douglas Fir"
"35",35,"04.07.2023","predawn","cloudy, rainshowers from 3:30 on","LH","E30","4,5",4.5,"2:39","2:41",1,"5",5,"2:42","2:42",1,NA,NA,"","",NA,4.75,-0.475,"No",28,3,1,"R3","W","Pedunculate Oak"
"36",36,"04.07.2023","predawn","cloudy, rainshowers from 3:30 on","LH","T2","2,5",2.5,"3:29","3:32",NA,"3",3,"3:51","3:54",NA,NA,NA,"","",NA,2.75,-0.275,"No",36,3,1,"R4","W","White Fir"
"37",37,"04.07.2023","predawn","cloudy, rainshowers from 3:30 on","LH","T29","2,5",2.5,"3:26","3:28",NA,"3",3,"3:56","3:59",NA,NA,NA,"","",NA,2.75,-0.275,"No",43,3,2,"R5","W","White Fir"
"38",38,"04.07.2023","predawn","cloudy, rainshowers from 3:30 on","LH","E3","3",3,"2:31","2:33",1,"3,5",3.5,"2:35","2:37",1,NA,NA,"","",NA,3.25,-0.325,"No",45,3,2,"R5","W","Pedunculate Oak"
"39",39,"04.07.2023","predawn","cloudy, rainshowers from 3:30 on","LH","D28","2",2,"3:23","3:25",NA,"3",3,"4:00","4:03",NA,NA,NA,"","",NA,2.5,-0.25,"No",59,3,2,"R6","W","Douglas Fir"
"40",40,"04.07.2023","predawn","cloudy, rainshowers from 3:30 on","LH","B30","1",1,"2:03","2:04",1,"1,5",1.5,"2:05","2:07",1,NA,NA,"","",NA,1.25,-0.125,"No",65,3,2,"R7","W","European Beech"
"41",41,"04.07.2023","predawn","cloudy, rainshowers from 3:30 on","LH","D43","2,5",2.5,"3:16","3:18",NA,"3",3,"3:19","3:21",NA,NA,NA,"","",NA,2.75,-0.275,"No",9,3,1,"R1","D","Douglas Fir"
"42",42,"04.07.2023","predawn","cloudy, rainshowers from 3:30 on","LH","T4","3,5",3.5,"3:08","3:11",NA,"3",3,"3:12","3:14",NA,NA,NA,"","",NA,3.25,-0.325,"No",19,3,1,"R2","D","White Fir"
"43",43,"04.07.2023","predawn","cloudy, rainshowers from 3:30 on","LH","E12","1",1,"2:25","2:27",1,"2",2,"2:28","2:30",1,NA,NA,"","",NA,1.5,-0.15,"No",23,3,1,"R3","D","Pedunculate Oak"
"44",44,"04.07.2023","predawn","cloudy, rainshowers from 3:30 on","LH","B35","1,5",1.5,"2:09","2:10",1,"1,5",1.5,"2:11","2:12",1,NA,NA,"","",NA,1.5,-0.15,"No",35,3,1,"R4","D","European Beech"
"45",45,"04.07.2023","predawn","cloudy, rainshowers from 3:30 on","LH","B26","1",1,"2:14","2:15",1,"1",1,"2:16","2:18",1,NA,NA,"","",NA,1,-0.1,"No",58,3,2,"R6","D","European Beech"
"46",46,"04.07.2023","predawn","cloudy, rainshowers from 3:30 on","LH","T6","3,5",3.5,"3:00","3:02",NA,"3",3,"3:04","3:07",NA,NA,NA,"","",NA,3.25,-0.325,"No",72,3,2,"R8","D","White Fir"
"47",47,"04.07.2023","predawn","cloudy, rainshowers from 3:30 on","LH","E20","1",1,"2:20","2:22",1,"1",1,"2:23","2:25",1,NA,NA,"","",NA,1,-0.1,"No",74,3,2,"R8","D","Pedunculate Oak"
"48",48,"04.07.2023","predawn","cloudy, rainshowers from 3:30 on","LH","D10","2,5",2.5,"2:49","2:51",NA,"5",5,"2:53","2:57",NA,4,4,"4:06","4:09",NA,3.83333333333333,-0.383333333333333,"No",76,3,2,"R8","D","Douglas Fir"
"49",49,"04.07.2023","midday","overcast, sun-cloudmix","MS","B44","21,5",21.5,"12:46","12:48",1,"18",18,"12:50","12:52",1,NA,NA,"","",NA,19.75,-1.975,"No",10,3,1,"R1","W","European Beech"
"50",50,"04.07.2023","midday","overcast, sun-cloudmix","MS","D39","12",12,"12:53","12:55",NA,"12,5",12.5,"12:56","12:58",NA,NA,NA,"","",NA,12.25,-1.225,"No",16,3,1,"R2","W","Douglas Fir"
"51",51,"04.07.2023","midday","overcast, sun-cloudmix","MS","E30","21",21,"13:00","13:02",1,"21",21,"13:04","13:06",1,NA,NA,"","",NA,21,-2.1,"No",28,3,1,"R3","W","Pedunculate Oak"
"52",52,"04.07.2023","midday","overcast, sun-cloudmix","MS","T2","14",14,"13:07","13:10",NA,"15",15,"13:15","13:18",NA,NA,NA,"","",NA,14.5,-1.45,"No",36,3,1,"R4","W","White Fir"
"53",53,"04.07.2023","midday","overcast, sun-cloudmix","MS","T29","14",14,"13:19","13:22",NA,"13",13,"13:23","13:24",NA,NA,NA,"","",NA,13.5,-1.35,"No",43,3,2,"R5","W","White Fir"
"54",54,"04.07.2023","midday","overcast, sun-cloudmix","MS","E3","20",20,"13:25","13:28",1,"19",19,"13:29","13:31",1,NA,NA,"","",NA,19.5,-1.95,"No",45,3,2,"R5","W","Pedunculate Oak"
"55",55,"04.07.2023","midday","overcast, sun-cloudmix","MS","D28","9,5",9.5,"13:32","13:35",NA,"10,5",10.5,"13:36","13:38",NA,NA,NA,"","",NA,10,-1,"No",59,3,2,"R6","W","Douglas Fir"
"56",56,"04.07.2023","midday","overcast, sun-cloudmix","MS","B30","24,5",24.5,"13:40","13:45",1,"20,5",20.5,"13:46","13:48",1,NA,NA,"","",NA,22.5,-2.25,"No",65,3,2,"R7","W","European Beech"
"57",57,"04.07.2023","midday","overcast, sun-cloudmix","MS","D43","10",10,"13:49","13:51",NA,"9",9,"13:52","13:54",NA,NA,NA,"","",NA,9.5,-0.95,"No",9,3,1,"R1","D","Douglas Fir"
"58",58,"04.07.2023","midday","overcast, sun-cloudmix","MS","T4","12",12,"13:55","13:58",NA,"11",11,"13:59","14:01",NA,NA,NA,"","",NA,11.5,-1.15,"No",19,3,1,"R2","D","White Fir"
"59",59,"04.07.2023","midday","overcast, sun-cloudmix","MS","E12","19",19,"14:02","14:04",1,"17",17,"14:05","14:07",1,NA,NA,"","",NA,18,-1.8,"No",23,3,1,"R3","D","Pedunculate Oak"
"60",60,"04.07.2023","midday","overcast, sun-cloudmix","MS","B35","22,5",22.5,"14:09","14:11",1,"22,5",22.5,"14:12","14:15",1,NA,NA,"","",NA,22.5,-2.25,"No",35,3,1,"R4","D","European Beech"
"61",61,"04.07.2023","midday","overcast, sun-cloudmix","MS","B26","24",24,"14:18","14:21",1,"21,5",21.5,"14:22","14:25",1,NA,NA,"","",NA,22.75,-2.275,"No",58,3,2,"R6","D","European Beech"
"62",62,"04.07.2023","midday","overcast, sun-cloudmix","MS","T6","15",15,"14:26","14:29",NA,"14,5",14.5,"14:30","14:32",NA,NA,NA,"","",NA,14.75,-1.475,"No",72,3,2,"R8","D","White Fir"
"63",63,"04.07.2023","midday","overcast, sun-cloudmix","MS","E20","16",16,"14:33","14:35",1,"12",12,"14:36","14:38",NA,NA,NA,"","",NA,14,-1.4,"No",74,3,2,"R8","D","Pedunculate Oak"
"64",64,"04.07.2023","midday","overcast, sun-cloudmix","MS","D10","16,5",16.5,"14:39","14:42",NA,"17",17,"14:43","14:46",NA,NA,NA,"","",NA,16.75,-1.675,"No",76,3,2,"R8","D","Douglas Fir"
"65",65,"07.07.2023","predawn","clear","LH","T11","3,5",3.5,"2:43","2:45",NA,"2",2,"2:47","2:50",NA,NA,NA,"","",NA,2.75,-0.275,"No",8,4,1,"R1","W","White Fir"
"66",66,"07.07.2023","predawn","clear","LH","E34","1",1,"1:51","1:53",1,"1,5",1.5,"1:55","1:57",1,NA,NA,"","",NA,1.25,-0.125,"No",12,4,1,"R2","W","Pedunculate Oak"
"67",67,"07.07.2023","predawn","clear","LH","B13","1,5",1.5,"2:22","2:24",NA,"1",1,"2:24","2:26",1,NA,NA,"","",NA,1.25,-0.125,"No",14,4,1,"R2","W","European Beech"
"68",68,"07.07.2023","predawn","clear","LH","D18","2",2,"2:51","2:53",NA,"2,5",2.5,"2:54","2:56",NA,NA,NA,"","",NA,2.25,-0.225,"No",20,4,1,"R2","W","Douglas Fir"
"69",69,"07.07.2023","predawn","clear","LH","E13","1,5",1.5,"1:57","1:59",1,"1,5",1.5,"2:00","2:02",1,NA,NA,"","",NA,1.5,-0.15,"No",51,4,2,"R6","W","Pedunculate Oak"
"70",70,"07.07.2023","predawn","clear","LH","D45","2,5",2.5,"2:57","3:00",NA,"3,5",3.5,"3:01","3:03",NA,NA,NA,"","",NA,3,-0.3,"No",53,4,2,"R6","W","Douglas Fir"
"71",71,"07.07.2023","predawn","clear","LH","T9","3",3,"3:04","3:07",NA,"3",3,"3:09","3:11",NA,NA,NA,"","",NA,3,-0.3,"No",57,4,2,"R6","W","White Fir"
"72",72,"07.07.2023","predawn","clear","LH","B31","1",1,"2:26","2:28",1,"1,5",1.5,"2:30","2:31",1,NA,NA,"","",NA,1.25,-0.125,"No",61,4,2,"R7","W","European Beech"
"73",73,"07.07.2023","predawn","clear","LH","D41","3,5",3.5,"3:12","3:14",NA,"2,5",2.5,"3:15","3:18",NA,NA,NA,"","",NA,3,-0.3,"No",11,4,1,"R2","D","Douglas Fir"
"74",74,"07.07.2023","predawn","clear","LH","B24","1",1,"2:31","2:33",1,"1,5",1.5,"2:34","2:36",1,NA,NA,"","",NA,1.25,-0.125,"No",29,4,1,"R3","D","European Beech"
"75",75,"07.07.2023","predawn","clear","LH","T43","3",3,"3:20","3:23",NA,"3,5",3.5,"3:24","3:26",NA,NA,NA,"","",NA,3.25,-0.325,"No",33,4,1,"R4","D","White Fir"
"76",76,"07.07.2023","predawn","clear","LH","E40","3,5",3.5,"2:03","2:05",1,"4",4,"2:07","2:09",1,NA,NA,"","",NA,3.75,-0.375,"No",37,4,1,"R4","D","Pedunculate Oak"
"77",77,"07.07.2023","predawn","clear","LH","B40","1",1,"2:37","2:39",1,"1",1,"2:40","2:41",1,NA,NA,"","",NA,1,-0.1,"No",50,4,2,"R5","D","European Beech"
"78",78,"07.07.2023","predawn","clear","LH","E14","3,5",3.5,"2:10","2:12",1,"3,5",3.5,"2:12","2:14",1,NA,NA,"","",NA,3.5,-0.35,"No",66,4,2,"R7","D","Pedunculate Oak"
"79",79,"07.07.2023","predawn","clear","LH","T42","3,5",3.5,"3:28","3:31",NA,"4",4,"3:31","3:34",NA,NA,NA,"","",NA,3.75,-0.375,"No",70,4,2,"R7","D","White Fir"
"80",80,"07.07.2023","predawn","clear","LH","D33","3",3,"3:35","3:37",NA,"2,5",2.5,"3:49","3:41",NA,NA,NA,"","",NA,2.75,-0.275,"No",78,4,2,"R8","D","Douglas Fir"
"81",81,"07.07.2023","midday","sunny","LH","T11","11",11,"13:19","13:22",NA,"",NA,"","",NA,NA,NA,"","",NA,11,-1.1,"No",8,4,1,"R1","W","White Fir"
"82",82,"07.07.2023","midday","sunny","LH","E34","17,5",17.5,"13:58","14:02",NA,"",NA,"","",NA,NA,NA,"","",NA,17.5,-1.75,"No",12,4,1,"R2","W","Pedunculate Oak"
"83",83,"07.07.2023","midday","sunny","LH","B13","19",19,"13:32","13:36",1,"20",20,"13:37","13:39",1,NA,NA,"","",NA,19.5,-1.95,"No",14,4,1,"R2","W","European Beech"
"84",84,"07.07.2023","midday","sunny","LH","D18","18",18,"13:04","13:07",NA,"",NA,"","",NA,NA,NA,"","",NA,18,-1.8,"No",20,4,1,"R2","W","Douglas Fir"
"85",85,"07.07.2023","midday","sunny","LH","E13","16",16,"14:08","14:11",1,"",NA,"","",NA,NA,NA,"","",NA,16,-1.6,"No",51,4,2,"R6","W","Pedunculate Oak"
"86",86,"07.07.2023","midday","sunny","LH","D45","16",16,"13:14","13:18",NA,"",NA,"","",NA,NA,NA,"","",NA,16,-1.6,"No",53,4,2,"R6","W","Douglas Fir"
"87",87,"07.07.2023","midday","sunny","LH","T9","14",14,"13:24","13:27",NA,"",NA,"","",NA,NA,NA,"","",NA,14,-1.4,"No",57,4,2,"R6","W","White Fir"
"88",88,"07.07.2023","midday","sunny","LH","B31","19",19,"13:58","13:50",1,"",NA,"","",NA,NA,NA,"","",NA,19,-1.9,"No",61,4,2,"R7","W","European Beech"
"89",89,"07.07.2023","midday","sunny","LH","D41","22",22,"12:32","12:37",NA,"",NA,"","",NA,NA,NA,"","",NA,22,-2.2,"No",11,4,1,"R2","D","Douglas Fir"
"90",90,"07.07.2023","midday","sunny","LH","B24","18,5",18.5,"13:54","13:57",1,"",NA,"","",NA,NA,NA,"","",NA,18.5,-1.85,"No",29,4,1,"R3","D","European Beech"
"91",91,"07.07.2023","midday","sunny","LH","T43","23",23,"12:58","13:01",NA,"23",23,"14:35","14:38",NA,NA,NA,"","",NA,23,-2.3,"No",33,4,1,"R4","D","White Fir"
"92",92,"07.07.2023","midday","sunny","LH","E40","16",16,"14:15","14:18",NA,"",NA,"","",NA,NA,NA,"","",NA,16,-1.6,"No",37,4,1,"R4","D","Pedunculate Oak"
"93",93,"07.07.2023","midday","sunny","LH","B40","22",22,"13:41","13:44",1,"",NA,"","",NA,NA,NA,"","",NA,22,-2.2,"No",50,4,2,"R5","D","European Beech"
"94",94,"07.07.2023","midday","sunny","LH","E14","16",16,"14:19","14:22",NA,"",NA,"","",NA,NA,NA,"","",NA,16,-1.6,"No",66,4,2,"R7","D","Pedunculate Oak"
"95",95,"07.07.2023","midday","sunny","LH","T42","4",4,"12:21","12:24",NA,"5",5,"12:25","15:49",NA,18,18,"14:44","14:47",NA,9,-0.9,"No",70,4,2,"R7","D","White Fir"
"96",96,"07.07.2023","midday","sunny","LH","D33","14",14,"12:12","12:15",NA,"15,5",15.5,"12:17","12:20",NA,NA,NA,"","",NA,14.75,-1.475,"No",78,4,2,"R8","D","Douglas Fir"
"97",97,"13.07.2023","predawn","cloudy, wet by rain","LH","T14","3",3,"2:48","2:50",NA,"3",3,"2:51","2:53",NA,NA,NA,"","",NA,3,-0.3,"No",2,5,1,"R1","W","White Fir"
"98",98,"13.07.2023","predawn","cloudy, wet by rain","LH","E22","2",2,"2:20","2:22",NA,"2,5",2.5,"2:23","2:24",1,NA,NA,"","",NA,2.25,-0.225,"No",6,5,1,"R1","W","Pedunculate Oak"
"99",99,"13.07.2023","predawn","cloudy, wet by rain","LH","B17","3",3,"1:56","1:57",1,"2,5",2.5,"2:00","2:02",1,NA,NA,"","",NA,2.75,-0.275,"No",18,5,1,"R2","W","European Beech"
"100",100,"13.07.2023","predawn","cloudy, wet by rain","LH","D4","2,5",2.5,"2:55","2:57",NA,"2",2,"2:58","3:00",NA,NA,NA,"","",NA,2.25,-0.225,"No",24,5,1,"R3","W","Douglas Fir"
"101",101,"13.07.2023","predawn","cloudy, wet by rain","LH","T33","3",3,"3:02","3:05",NA,NA,NA,"3:06","3:08",NA,3,3,"3:52","3:54",NA,3,-0.3,"No",49,5,2,"R5","W","White Fir"
"102",102,"13.07.2023","predawn","cloudy, wet by rain","LH","E51","14",14,"2:26","2:28",1,"15,5",15.5,"2:30","2:32",1,NA,NA,"","",NA,14.75,-1.475,"No",63,5,2,"R7","W","Pedunculate Oak"
"103",103,"13.07.2023","predawn","cloudy, wet by rain","LH","B34","2",2,"2:02","2:04",1,"1,5",1.5,"2:06","2:07",1,NA,NA,"","",NA,1.75,-0.175,"No",67,5,2,"R7","W","European Beech"
"104",104,"13.07.2023","predawn","cloudy, wet by rain","LH","D15","2",2,"3:22","3:23",NA,"2",2,"3:26","3:28",NA,NA,NA,"","",NA,2,-0.2,"No",71,5,2,"R8","W","Douglas Fir"
"105",105,"13.07.2023","predawn","cloudy, wet by rain","LH","B4","3",3,"2:08","2:10",1,"4",4,"2:11","2:12",1,NA,NA,"","",NA,3.5,-0.35,"No",3,5,1,"R1","D","European Beech"
"106",106,"13.07.2023","predawn","cloudy, wet by rain","LH","T5","4",4,"3:29","3:31",NA,"3,5",3.5,"3:33","3:35",NA,NA,NA,"","",NA,3.75,-0.375,"No",17,5,1,"R2","D","White Fir"
"107",107,"13.07.2023","predawn","cloudy, wet by rain","LH","D31","3",3,"3:36","3:38",NA,"4",4,"3:41","3:43",NA,NA,NA,"","",NA,3.5,-0.35,"No",27,5,1,"R3","D","Douglas Fir"
"108",108,"13.07.2023","predawn","cloudy, wet by rain","LH","E29","6,5",6.5,"2:34","2:36",1,"6",6,"2:37","2:39",1,NA,NA,"","",NA,6.25,-0.625,"No",39,5,1,"R4","D","Pedunculate Oak"
"109",109,"13.07.2023","predawn","cloudy, wet by rain","LH","D19","3",3,"3:45","3:47",NA,"3",3,"3:48","3:49",NA,NA,NA,"","",NA,3,-0.3,"No",44,5,2,"R5","D","Douglas Fir"
"110",110,"13.07.2023","predawn","cloudy, wet by rain","LH","E25","5",5,"2:40","2:41",1,"5",5,"2:42","2:43",1,NA,NA,"","",NA,5,-0.5,"No",48,5,2,"R5","D","Pedunculate Oak"
"111",111,"13.07.2023","predawn","cloudy, wet by rain","LH","B38","2,5",2.5,"2:14","2:15",1,"4,5",4.5,"2:17","2:19",1,NA,NA,"","",NA,3.5,-0.35,"No",52,5,2,"R6","D","European Beech"
"112",112,"13.07.2023","predawn","cloudy, wet by rain","LH","T21","4",4,"3:15","3:17",NA,"4",4,"3:19","3:21",NA,NA,NA,"","",NA,4,-0.4,"No",54,5,2,"R6","D","White Fir"
"113",113,"13.07.2023","midday","cloudy with sunny spells","MS","T14","18",18,"12:22","12:28",NA,"15",15,"12:32","12:34",NA,NA,NA,"","",NA,16.5,-1.65,"No",2,5,1,"R1","W","White Fir"
"114",114,"13.07.2023","midday","cloudy with sunny spells","MS","E22","11",11,"12:36","12:37",NA,"17,5",17.5,"12:39","12:42",NA,NA,NA,"","",NA,14.25,-1.425,"No",6,5,1,"R1","W","Pedunculate Oak"
"115",115,"13.07.2023","midday","cloudy with sunny spells","MS","B17","26",26,"12:44","12:48",1,"24,5",24.5,"12:50","12:54",1,NA,NA,"","",NA,25.25,-2.525,"No",18,5,1,"R2","W","European Beech"
"116",116,"13.07.2023","midday","cloudy with sunny spells","MS","D4","15",15,"12:57","13:00",NA,"15,5",15.5,"13:02","13:04",NA,NA,NA,"","",NA,15.25,-1.525,"No",24,5,1,"R3","W","Douglas Fir"
"117",117,"13.07.2023","midday","cloudy with sunny spells","MS","T33","16,5",16.5,"13:07","13:10",NA,"17",17,"13:14","13:16",NA,NA,NA,"","",NA,16.75,-1.675,"No",49,5,2,"R5","W","White Fir"
"118",118,"13.07.2023","midday","cloudy with sunny spells","MS","E51","28,5",28.5,"13:27","13:31",1,"29",29,"13:33","13:36",1,NA,NA,"","",NA,28.75,-2.875,"No",63,5,2,"R7","W","Pedunculate Oak"
"119",119,"13.07.2023","midday","cloudy with sunny spells","MS","B34","25",25,"13:40","13:43",1,"25",25,"13:46","13:49",1,NA,NA,"","",NA,25,-2.5,"No",67,5,2,"R7","W","European Beech"
"120",120,"13.07.2023","midday","cloudy with sunny spells","MS","D15","16,5",16.5,"13:19","13:22",NA,"15",15,"13:23","13:26",NA,NA,NA,"","",NA,15.75,-1.575,"No",71,5,2,"R8","W","Douglas Fir"
"121",121,"13.07.2023","midday","cloudy with sunny spells","MS","B4","23",23,"13:50","13:54",1,"22",22,"13:55","13:58",1,NA,NA,"","",NA,22.5,-2.25,"No",3,5,1,"R1","D","European Beech"
"122",122,"13.07.2023","midday","cloudy with sunny spells","MS","T5","16",16,"14:01","14:03",NA,"15,5",15.5,"14:05","14:07",NA,NA,NA,"","",NA,15.75,-1.575,"No",17,5,1,"R2","D","White Fir"
"123",123,"13.07.2023","midday","cloudy with sunny spells","MS","D31","16,5",16.5,"14:08","14:11",NA,"18",18,"14:13","14:17",1,NA,NA,"","",NA,17.25,-1.725,"No",27,5,1,"R3","D","Douglas Fir"
"124",124,"13.07.2023","midday","cloudy with sunny spells","MS","E29","20,5",20.5,"14:26","14:28",1,"22,5",22.5,"14:30","14:32",1,NA,NA,"","",NA,21.5,-2.15,"No",39,5,1,"R4","D","Pedunculate Oak"
"125",125,"13.07.2023","midday","cloudy with sunny spells","MS","D19","18",18,"14:18","14:20",NA,"17,5",17.5,"14:22","14:24",NA,NA,NA,"","",NA,17.75,-1.775,"No",44,5,2,"R5","D","Douglas Fir"
"126",126,"13.07.2023","midday","cloudy with sunny spells","MS","E25","22",22,"14:33","14:37",1,"22,5",22.5,"14:40","14:44",1,NA,NA,"","",NA,22.25,-2.225,"No",48,5,2,"R5","D","Pedunculate Oak"
"127",127,"13.07.2023","midday","cloudy with sunny spells","MS","B38","23,5",23.5,"14:46","14:49",1,"24",24,"14:51","14:53",1,NA,NA,"","",NA,23.75,-2.375,"No",52,5,2,"R6","D","European Beech"
"128",128,"13.07.2023","midday","cloudy with sunny spells","MS","T21","15,5",15.5,"14:54","14:57",NA,"16",16,"14:59","15:01",NA,NA,NA,"","",NA,15.75,-1.575,"No",54,5,2,"R6","D","White Fir"
"129",129,"18.07.2023","midday","overcast","MS","T3 ","14",14,"13:55","14:08",NA,"15",15,"13:55","14:13",NA,NA,NA,"","",NA,14.5,-1.45,"No",NA,NA,NA,NA,NA,NA
"130",130,"18.07.2023","midday","overcast","MS","D9","16,5",16.5,"13:56","14:16",NA,"14",14,"13:56","14:19",NA,NA,NA,"","",NA,15.25,-1.525,"No",22,1,1,"R3","W","Douglas Fir"
"131",131,"18.07.2023","midday","overcast","MS","E5 ","17",17,"13:57","14:24",1,"13,5",13.5,"13:57","14:26",1,NA,NA,"","",NA,15.25,-1.525,"No",NA,NA,NA,NA,NA,NA
"132",132,"18.07.2023","midday","overcast","MS","B3","18",18,"13:58","14:34",1,"23,5",23.5,"13:58","14:40",1,NA,NA,"","",NA,20.75,-2.075,"No",32,1,1,"R4","W","European Beech"
"133",133,"18.07.2023","midday","overcast","MS","D42","12",12,"13:59","14:43",NA,"9,5",9.5,"13:59","14:45",NA,NA,NA,"","",NA,10.75,-1.075,"No",47,1,2,"R5","W","Douglas Fir"
"134",134,"18.07.2023","midday","overcast","MS","T1","13",13,"14:55","15:14",NA,"",NA,"","",NA,NA,NA,"","",NA,13,-1.3,"No",75,1,2,"R8","W","White Fir"
"135",135,"18.07.2023","midday","overcast","MS","E15","9",9,"14:55","15:17",1,"",NA,"","",NA,NA,NA,"","",NA,9,-0.9,"No",77,1,2,"R8","W","Pedunculate Oak"
"136",136,"18.07.2023","midday","overcast","MS","B23","19",19,"14:56","15:32",1,"",NA,"","",NA,NA,NA,"","",NA,19,-1.9,"No",79,1,2,"R8","W","European Beech"
"137",137,"18.07.2023","midday","overcast","MS","D21","22",22,"14:56","15:24",NA,"",NA,"","",NA,NA,NA,"","",NA,22,-2.2,"No",5,1,1,"R1","D","Douglas Fir"
"138",138,"18.07.2023","midday","overcast","MS","B15","11,5",11.5,"14:57","15:20",1,"",NA,"","",NA,NA,NA,"","",NA,11.5,-1.15,"No",7,1,1,"R1","D","European Beech"
"139",139,"18.07.2023","midday","overcast","MS","E1","36,5",36.5,"14:57","15:36",1,">37",NA,"15:35","16:13",1,NA,NA,"","",NA,36.5,-3.65,"Yes (WP-2)",15,1,1,"R2","D","Pedunculate Oak"
"140",140,"18.07.2023","midday","overcast","MS","T31","18,5",18.5,"15:33","15:41",NA,"",NA,"","",NA,NA,NA,"","",NA,18.5,-1.85,"No",31,1,1,"R4","D","White Fir"
"141",141,"18.07.2023","midday","overcast","MS","T45","21",21,"15:33","15:46",NA,"",NA,"","",NA,NA,NA,"","",NA,21,-2.1,"No",46,1,2,"R5","D","White Fir"
"142",142,"18.07.2023","midday","overcast","MS","E45",">37",NA,"15:34","15:50",1,">37",NA,"15:34","16:05",1,NA,NA,"","",NA,NA,NA,"Yes (WP-1; WP-2)",60,1,2,"R6","D","Pedunculate Oak"
"143",143,"18.07.2023","midday","overcast","MS","D40","20,5",20.5,"15:34","15:57",NA,"",NA,"","",NA,NA,NA,"","",NA,20.5,-2.05,"No",62,1,2,"R7","D","Douglas Fir"
"144",144,"18.07.2023","midday","overcast","MS","B1","20,5",20.5,"15:35","16:00",1,"",NA,"","",NA,NA,NA,"","",NA,20.5,-2.05,"No",64,1,2,"R7","D","European Beech"
"145",145,"20.07.2023","midday","cloudy with sunny spells","MS","B2","25",25,"13:13","13:16",1,"",NA,"","",NA,NA,NA,"","",NA,25,-2.5,"No",26,2,1,"R3","W","European Beech"
"146",146,"20.07.2023","midday","cloudy with sunny spells","MS","E6","22,5",22.5,"13:06","13:11",1,"",NA,"","",NA,NA,NA,"","",NA,22.5,-2.25,"No",34,2,1,"R4","W","Pedunculate Oak"
"147",147,"20.07.2023","midday","cloudy with sunny spells","MS","D3","16",16,"13:44","13:48",NA,"",NA,"","",NA,NA,NA,"","",NA,16,-1.6,"No",38,2,1,"R4","W","Douglas Fir"
"148",148,"20.07.2023","midday","cloudy with sunny spells","MS","T10","15",15,"13:22","13:24",NA,"",NA,"","",NA,NA,NA,"","",NA,15,-1.5,"No",40,2,1,"R4","W","White Fir"
"149",149,"20.07.2023","midday","cloudy with sunny spells","MS","T25","15,5",15.5,"13:19","13:20",NA,"",NA,"","",NA,NA,NA,"","",NA,15.5,-1.55,"No",41,2,2,"R5","W","White Fir"
"150",150,"20.07.2023","midday","cloudy with sunny spells","MS","D25","17,5",17.5,"13:53","13:57",NA,"",NA,"","",NA,NA,NA,"","",NA,17.5,-1.75,"No",55,2,2,"R6","W","Douglas Fir"
"151",151,"20.07.2023","midday","cloudy with sunny spells","MS","E37","18",18,"13:58","14:00",1,"",NA,"","",NA,NA,NA,"","",NA,18,-1.8,"No",69,2,2,"R7","W","Pedunculate Oak"
"152",152,"20.07.2023","midday","cloudy with sunny spells","MS","B43","24,5",24.5,"14:02","14:04",1,"",NA,"","",NA,NA,NA,"","",NA,24.5,-2.45,"No",73,2,2,"R8","W","European Beech"
"153",153,"20.07.2023","midday","cloudy with sunny spells","MS","B27","25,5",25.5,"14:05","14:07",1,"",NA,"","",NA,NA,NA,"","",NA,25.5,-2.55,"No",1,2,1,"R1","D","European Beech"
"154",154,"20.07.2023","midday","cloudy with sunny spells","MS","D7","25",25,"14:09","14:12",NA,"",NA,"","",NA,NA,NA,"","",NA,25,-2.5,"No",13,2,1,"R2","D","Douglas Fir"
"155",155,"20.07.2023","midday","cloudy with sunny spells","MS","E35","26,5",26.5,"14:15","14:18",1,"",NA,"","",NA,NA,NA,"","",NA,26.5,-2.65,"No",21,2,1,"R3","D","Pedunculate Oak"
"156",156,"20.07.2023","midday","cloudy with sunny spells","MS","T28","23",23,"13:26","13:30",NA,"25",25,"13:32","13:35",NA,27,27,"13:38","13:41",NA,25,-2.5,"No",25,2,1,"R3","D","White Fir"
"157",157,"20.07.2023","midday","cloudy with sunny spells","MS","E19","42",42,"12:24","12:28",1,"43",43,"12:35","12:38",NA,NA,NA,"","",NA,42.5,-4.25,"No",42,2,2,"R5","D","Pedunculate Oak"
"158",158,"20.07.2023","midday","cloudy with sunny spells","MS","B37","26",26,"14:21","14:25",1,"",NA,"","",NA,NA,NA,"","",NA,26,-2.6,"No",56,2,2,"R6","D","European Beech"
"159",159,"20.07.2023","midday","cloudy with sunny spells","MS","T44","16",16,"14:27","14:30",NA,"",NA,"","",NA,NA,NA,"","",NA,16,-1.6,"No",68,2,2,"R7","D","White Fir"
"160",160,"20.07.2023","midday","cloudy with sunny spells","MS","D35","27,5",27.5,"14:30","14:32",NA,"",NA,"","",NA,NA,NA,"","",NA,27.5,-2.75,"No",80,2,2,"R8","D","Douglas Fir"
"161",161,"21.07.2023","predawn","cloudy","LH","B2","1",1,"2:22","2:23",1,"1",1,"4:12","4:13",NA,NA,NA,"","",NA,1,-0.1,"No",26,2,1,"R3","W","European Beech"
"162",162,"21.07.2023","predawn","cloudy","LH","E6","2,5",2.5,"2:34","2:35",1,"3",3,"4:13","4:14",NA,NA,NA,"","",NA,2.75,-0.275,"No",34,2,1,"R4","W","Pedunculate Oak"
"163",163,"21.07.2023","predawn","cloudy","LH","D3","8",8,"2:57","3:00",NA,"4",4,"3:43","3:45",NA,3.5,3.5,"3:47","3:48",NA,5.16666666666667,-0.516666666666667,"No",38,2,1,"R4","W","Douglas Fir"
"164",164,"21.07.2023","predawn","cloudy","LH","T10","7",7,"3:05","3:09",NA,"4",4,"3:15","3:18",NA,4,4,"4:09","4:10",NA,5,-0.5,"No",40,2,1,"R4","W","White Fir"
"165",165,"21.07.2023","predawn","cloudy","LH","T25","4",4,"3:11","3:12",NA,"3,5",3.5,"3:48","3:50",NA,NA,NA,"","",NA,3.75,-0.375,"No",41,2,2,"R5","W","White Fir"
"166",166,"21.07.2023","predawn","cloudy","LH","D25","5",5,"3:20","3:22",NA,"6,5",6.5,"3:52","3:54",NA,NA,NA,"","",NA,5.75,-0.575,"No",55,2,2,"R6","W","Douglas Fir"
"167",167,"21.07.2023","predawn","cloudy","LH","E37","2",2,"2:36","2:38",NA,"3",3,"4:15","4:16",NA,NA,NA,"","",NA,2.5,-0.25,"No",69,2,2,"R7","W","Pedunculate Oak"
"168",168,"21.07.2023","predawn","cloudy","LH","B43","10",10,"2:28","2:31",1,"3",3,"2:31","2:32",1,NA,NA,"","",NA,6.5,-0.65,"No",73,2,2,"R8","W","European Beech"
"169",169,"21.07.2023","predawn","cloudy","LH","B27","15",15,"2:46","2:47",1,"7,5",7.5,"2:48","2:49",1,NA,NA,"","",NA,11.25,-1.125,"No",1,2,1,"R1","D","European Beech"
"170",170,"21.07.2023","predawn","cloudy","LH","D7","14",14,"3:24","3:41",NA,"14",14,"3:55","3:57",NA,NA,NA,"","",NA,14,-1.4,"No",13,2,1,"R2","D","Douglas Fir"
"171",171,"21.07.2023","predawn","cloudy","LH","E35","21",21,"2:38","2:40",1,"18",18,"4:17","4:18",NA,NA,NA,"","",NA,19.5,-1.95,"No",21,2,1,"R3","D","Pedunculate Oak"
"172",172,"21.07.2023","predawn","cloudy","LH","T28","7",7,"3:33","3:36",NA,"5",5,"3:58","3:59",NA,NA,NA,"","",NA,6,-0.6,"No",25,2,1,"R3","D","White Fir"
"173",173,"21.07.2023","predawn","cloudy","LH","E19","> 43",NA,"2:41","2:44",1,"> 25",NA,"4:19","4:21",NA,NA,NA,"","",NA,NA,NA,"Yes (WP-1; WP-2)",42,2,2,"R5","D","Pedunculate Oak"
"174",174,"21.07.2023","predawn","cloudy","LH","B37","5",5,"2:52","2:53",1,"7",7,"4:21","4:23",NA,NA,NA,"","",NA,6,-0.6,"No",56,2,2,"R6","D","European Beech"
"175",175,"21.07.2023","predawn","cloudy","LH","T44","6,5",6.5,"3:37","3:39",NA,"7,5",7.5,"4:02","4:04",NA,NA,NA,"","",NA,7,-0.7,"No",68,2,2,"R7","D","White Fir"
"176",176,"21.07.2023","predawn","cloudy","LH","D35","25",25,"3:30","3:33",NA,"22",22,"4:05","4:08",NA,NA,NA,"","",NA,23.5,-2.35,"No",80,2,2,"R8","D","Douglas Fir"
"177",177,"25.07.2023","predawn","clear, light clouds","LH","B44","1",1,"2:30","2:31",1,"",NA,"","",NA,NA,NA,"","",NA,1,-0.1,"No",10,3,1,"R1","W","European Beech"
"178",178,"25.07.2023","predawn","clear, light clouds","LH","D39","1,5",1.5,"2:58","2:59",NA,"",NA,"","",NA,NA,NA,"","",NA,1.5,-0.15,"No",16,3,1,"R2","W","Douglas Fir"
"179",179,"25.07.2023","predawn","clear, light clouds","LH","E30","2",2,"2:43","2:44",1,"",NA,"","",NA,NA,NA,"","",NA,2,-0.2,"No",28,3,1,"R3","W","Pedunculate Oak"
"180",180,"25.07.2023","predawn","clear, light clouds","LH","T2","1,5",1.5,"3:00","3:02",NA,"",NA,"","",NA,NA,NA,"","",NA,1.5,-0.15,"No",36,3,1,"R4","W","White Fir"
"181",181,"25.07.2023","predawn","clear, light clouds","LH","T29","5",5,"3:05","3:07",NA,"4",4,"3:23","3:25",NA,NA,NA,"","",NA,4.5,-0.45,"No",43,3,2,"R5","W","White Fir"
"182",182,"25.07.2023","predawn","clear, light clouds","LH","E3","2",2,"2:45","2:46",1,"",NA,"","",NA,NA,NA,"","",NA,2,-0.2,"No",45,3,2,"R5","W","Pedunculate Oak"
"183",183,"25.07.2023","predawn","clear, light clouds","LH","D28","4",4,"3:09","3:11",NA,"4",4,"3:33","3:35",NA,NA,NA,"","",NA,4,-0.4,"No",59,3,2,"R6","W","Douglas Fir"
"184",184,"25.07.2023","predawn","clear, light clouds","LH","B30","2",2,"2:33","2:34",1,"",NA,"","",NA,NA,NA,"","",NA,2,-0.2,"No",65,3,2,"R7","W","European Beech"
"185",185,"25.07.2023","predawn","clear, light clouds","LH","D43","7",7,"3:15","3:17",NA,"",NA,"","",NA,NA,NA,"","",NA,7,-0.7,"No",9,3,1,"R1","D","Douglas Fir"
"186",186,"25.07.2023","predawn","clear, light clouds","LH","T4","6",6,"3:18","3:19",NA,"",NA,"","",NA,NA,NA,"","",NA,6,-0.6,"No",19,3,1,"R2","D","White Fir"
"187",187,"25.07.2023","predawn","clear, light clouds","LH","E12","40",40,"2:50","2:53",1,"",NA,"","",NA,NA,NA,"","",NA,40,-4,"No",23,3,1,"R3","D","Pedunculate Oak"
"188",188,"25.07.2023","predawn","clear, light clouds","LH","B35","7",7,"2:36","2:37",1,"",NA,"","",NA,NA,NA,"","",NA,7,-0.7,"No",35,3,1,"R4","D","European Beech"
"189",189,"25.07.2023","predawn","clear, light clouds","LH","B26","4",4,"2:39","2:41",1,"",NA,"","",NA,NA,NA,"","",NA,4,-0.4,"No",58,3,2,"R6","D","European Beech"
"190",190,"25.07.2023","predawn","clear, light clouds","LH","T6","7",7,"3:21","3:22",NA,"",NA,"","",NA,NA,NA,"","",NA,7,-0.7,"No",72,3,2,"R8","D","White Fir"
"191",191,"25.07.2023","predawn","clear, light clouds","LH","E20","33",33,"2:54","2:56",1,"",NA,"","",NA,NA,NA,"","",NA,33,-3.3,"No",74,3,2,"R8","D","Pedunculate Oak"
"192",192,"25.07.2023","predawn","clear, light clouds","LH","D10","9",9,"3:13","3:15",NA,"",NA,"","",NA,NA,NA,"","",NA,9,-0.9,"No",76,3,2,"R8","D","Douglas Fir"
"193",193,"25.07.2023","midday","overcast, later sunny spells","MS","B44","19",19,"12:42","12:43",1,"20",20,"12:44","12:46",1,NA,NA,"","",NA,19.5,-1.95,"No",10,3,1,"R1","W","European Beech"
"194",194,"25.07.2023","midday","overcast, later sunny spells","MS","D39","12",12,"12:48","12:50",NA,"",NA,"","",NA,NA,NA,"","",NA,12,-1.2,"No",16,3,1,"R2","W","Douglas Fir"
"195",195,"25.07.2023","midday","overcast, later sunny spells","MS","E30","15",15,"12:52","12:54",1,"",NA,"","",NA,NA,NA,"","",NA,15,-1.5,"No",28,3,1,"R3","W","Pedunculate Oak"
"196",196,"25.07.2023","midday","overcast, later sunny spells","MS","T2","14",14,"12:55","12:57",NA,"13,5",13.5,"12:58","12:59",NA,NA,NA,"","",NA,13.75,-1.375,"No",36,3,1,"R4","W","White Fir"
"197",197,"25.07.2023","midday","overcast, later sunny spells","MS","T29","9,5",9.5,"13:00","13:01",NA,"8,5",8.5,"13:03","13:05",NA,NA,NA,"","",NA,9,-0.9,"No",43,3,2,"R5","W","White Fir"
"198",198,"25.07.2023","midday","overcast, later sunny spells","MS","E3","14,5",14.5,"13:06","13:08",1,"",NA,"","",NA,NA,NA,"","",NA,14.5,-1.45,"No",45,3,2,"R5","W","Pedunculate Oak"
"199",199,"25.07.2023","midday","overcast, later sunny spells","MS","D28","9,5",9.5,"13:09","13:11",NA,"13",13,"13:13","13:16",NA,NA,NA,"","",NA,11.25,-1.125,"No",59,3,2,"R6","W","Douglas Fir"
"200",200,"25.07.2023","midday","overcast, later sunny spells","MS","B30","25",25,"13:18","13:20",1,"25",25,"13:21","13:23",1,NA,NA,"","",NA,25,-2.5,"No",65,3,2,"R7","W","European Beech"
"201",201,"25.07.2023","midday","overcast, later sunny spells","MS","D43","17,5",17.5,"13:35","13:37",NA,"15",15,"13:32","13:33",NA,NA,NA,"","",NA,16.25,-1.625,"No",9,3,1,"R1","D","Douglas Fir"
"202",202,"25.07.2023","midday","overcast, later sunny spells","MS","T4","13",13,"13:39","13:41",NA,"",NA,"","",NA,NA,NA,"","",NA,13,-1.3,"No",19,3,1,"R2","D","White Fir"
"203",203,"25.07.2023","midday","overcast, later sunny spells","MS","E12","44,5",44.5,"13:43","13:46",1,"44",44,"13:50","13:54",1,NA,NA,"","",NA,44.25,-4.425,"No",23,3,1,"R3","D","Pedunculate Oak"
"204",204,"25.07.2023","midday","overcast, later sunny spells","MS","B35","25",25,"13:56","13:58",1,"",NA,"","",NA,NA,NA,"","",NA,25,-2.5,"No",35,3,1,"R4","D","European Beech"
"205",205,"25.07.2023","midday","overcast, later sunny spells","MS","B26","24",24,"14:00","14:01",1,"",NA,"","",NA,NA,NA,"","",NA,24,-2.4,"No",58,3,2,"R6","D","European Beech"
"206",206,"25.07.2023","midday","overcast, later sunny spells","MS","T6","14",14,"14:05","14:07",NA,"13,5",13.5,"14:10","14:11",NA,NA,NA,"","",NA,13.75,-1.375,"No",72,3,2,"R8","D","White Fir"
"207",207,"25.07.2023","midday","overcast, later sunny spells","MS","E20","35",35,"14:12","14:15",1,"34,5",34.5,"14:24","14:26",1,NA,NA,"","",NA,34.75,-3.475,"No",74,3,2,"R8","D","Pedunculate Oak"
"208",208,"25.07.2023","midday","overcast, later sunny spells","MS","D10","26,5",26.5,"14:17","14:20",NA,"26",26,"14:21","14:23",NA,NA,NA,"","",NA,26.25,-2.625,"No",76,3,2,"R8","D","Douglas Fir"
"209",209,"30.07.2023","midday","overcast, light rain (?, not noted, researched from internet)","MS","T11","10",10,"12:12","12:14",NA,"10",10,"12:15","12:17",NA,NA,NA,"","",NA,10,-1,"No",8,4,1,"R1","W","White Fir"
"210",210,"30.07.2023","midday","overcast, light rain (?, not noted, researched from internet)","MS","E34","19,5",19.5,"12:19","12:21",1,"",NA,"","",NA,NA,NA,"","",NA,19.5,-1.95,"No",12,4,1,"R2","W","Pedunculate Oak"
"211",211,"30.07.2023","midday","overcast, light rain (?, not noted, researched from internet)","MS","B13","30",30,"12:23","12:25",1,"30",30,"12:27","12:30",1,NA,NA,"","",NA,30,-3,"No",14,4,1,"R2","W","European Beech"
"212",212,"30.07.2023","midday","overcast, light rain (?, not noted, researched from internet)","MS","D18","12",12,"12:34","12:36",NA,"",NA,"","",NA,NA,NA,"","",NA,12,-1.2,"No",20,4,1,"R2","W","Douglas Fir"
"213",213,"30.07.2023","midday","overcast, light rain (?, not noted, researched from internet)","MS","E13","19",19,"12:38","12:39",1,"",NA,"","",NA,NA,NA,"","",NA,19,-1.9,"No",51,4,2,"R6","W","Pedunculate Oak"
"214",214,"30.07.2023","midday","overcast, light rain (?, not noted, researched from internet)","MS","D45","13,5",13.5,"12:41","12:44",NA,"",NA,"","",NA,NA,NA,"","",NA,13.5,-1.35,"No",53,4,2,"R6","W","Douglas Fir"
"215",215,"30.07.2023","midday","overcast, light rain (?, not noted, researched from internet)","MS","T9","13,5",13.5,"12:46","12:48",NA,"14",14,"12:49","12:52",NA,NA,NA,"","",NA,13.75,-1.375,"No",57,4,2,"R6","W","White Fir"
"216",216,"30.07.2023","midday","overcast, light rain (?, not noted, researched from internet)","MS","B31","31,5",31.5,"12:53","12:56",1,"",NA,"","",NA,NA,NA,"","",NA,31.5,-3.15,"No",61,4,2,"R7","W","European Beech"
"217",217,"30.07.2023","midday","overcast, light rain (?, not noted, researched from internet)","MS","D41","20,5",20.5,"13:08","13:10",NA,"",NA,"","",NA,NA,NA,"","",NA,20.5,-2.05,"No",11,4,1,"R2","D","Douglas Fir"
"218",218,"30.07.2023","midday","overcast, light rain (?, not noted, researched from internet)","MS","B24","35,5",35.5,"13:11","13:14",1,"45",45,"13:59","14:00",1,34.5,34.5,"14:05","14:07",1,38.3333333333333,-3.83333333333333,"No",29,4,1,"R3","D","European Beech"
"219",219,"30.07.2023","midday","overcast, light rain (?, not noted, researched from internet)","MS","T43","16",16,"13:16","13:18",NA,"",NA,"","",NA,NA,NA,"","",NA,16,-1.6,"No",33,4,1,"R4","D","White Fir"
"220",220,"30.07.2023","midday","overcast, light rain (?, not noted, researched from internet)","MS","E40","72",72,"13:20","13:24",1,"",NA,"","",NA,NA,NA,"","",NA,72,-7.2,"No",37,4,1,"R4","D","Pedunculate Oak"
"221",221,"30.07.2023","midday","overcast, light rain (?, not noted, researched from internet)","MS","B40","26",26,"13:38","13:41",1,"25",25,"13:51","13:54",1,NA,NA,"","",NA,25.5,-2.55,"No",50,4,2,"R5","D","European Beech"
"222",222,"30.07.2023","midday","overcast, light rain (?, not noted, researched from internet)","MS","E14",">73",NA,"13:28","13:33",1,">90",NA,"14:09",NA,1,NA,NA,"","",NA,NA,NA,"Yes (WP-1; WP-2)",66,4,2,"R7","D","Pedunculate Oak"
"223",223,"30.07.2023","midday","overcast, light rain (?, not noted, researched from internet)","MS","T42","17",17,"13:42","13:44",NA,"",NA,"","",NA,NA,NA,"","",NA,17,-1.7,"No",70,4,2,"R7","D","White Fir"
"224",224,"30.07.2023","midday","overcast, light rain (?, not noted, researched from internet)","MS","D33","19",19,"13:46","13:48",NA,"",NA,"","",NA,NA,NA,"","",NA,19,-1.9,"No",78,4,2,"R8","D","Douglas Fir"
"225",225,"31.07.2023","predawn","cloudy-clear mixed","LH","T11","3",3,"3:36","3:38",NA,"3",3,"3:40","3:42",NA,NA,NA,"","",NA,3,-0.3,"No",8,4,1,"R1","W","White Fir"
"226",226,"31.07.2023","predawn","cloudy-clear mixed","LH","E34","1",1,"2:40","2:41",1,"2",2,"2:24","2:43",1,NA,NA,"","",NA,1.5,-0.15,"No",12,4,1,"R2","W","Pedunculate Oak"
"227",227,"31.07.2023","predawn","cloudy-clear mixed","LH","B13","2",2,"2:45","2:46",1,"2,5",2.5,"2:47","2:49",1,NA,NA,"","",NA,2.25,-0.225,"No",14,4,1,"R2","W","European Beech"
"228",228,"31.07.2023","predawn","cloudy-clear mixed","LH","D18","3",3,"3:44","3:46",NA,"3,5",3.5,"3:47","3:48",NA,NA,NA,"","",NA,3.25,-0.325,"No",20,4,1,"R2","W","Douglas Fir"
"229",229,"31.07.2023","predawn","cloudy-clear mixed","LH","E13","2",2,"2:50","2:51",1,"2",2,"2:53","2:54",1,NA,NA,"","",NA,2,-0.2,"No",51,4,2,"R6","W","Pedunculate Oak"
"230",230,"31.07.2023","predawn","cloudy-clear mixed","LH","D45","3",3,"3:49","3:50",NA,"3",3,"3:51","3:53",NA,NA,NA,"","",NA,3,-0.3,"No",53,4,2,"R6","W","Douglas Fir"
"231",231,"31.07.2023","predawn","cloudy-clear mixed","LH","T9","2,5",2.5,"3:55","3:56",NA,"3",3,"3:57","3:59",NA,NA,NA,"","",NA,2.75,-0.275,"No",57,4,2,"R6","W","White Fir"
"232",232,"31.07.2023","predawn","cloudy-clear mixed","LH","B31","2",2,"2:55","2:56",1,"2,5",2.5,"2:57","2:58",1,NA,NA,"","",NA,2.25,-0.225,"No",61,4,2,"R7","W","European Beech"
"233",233,"31.07.2023","predawn","cloudy-clear mixed","LH","D41","8",8,"4:01","4:03",NA,"8,5",8.5,"4:04","4:06",NA,NA,NA,"","",NA,8.25,-0.825,"No",11,4,1,"R2","D","Douglas Fir"
"234",234,"31.07.2023","predawn","cloudy-clear mixed","LH","B24","28",28,"3:00","3:03",1,"29",29,"3:04","3:06",1,NA,NA,"","",NA,28.5,-2.85,"No",29,4,1,"R3","D","European Beech"
"235",235,"31.07.2023","predawn","cloudy-clear mixed","LH","T43","4,5",4.5,"4:07","4:09",NA,"4",4,"4:10","4:13",NA,NA,NA,"","",NA,4.25,-0.425,"No",33,4,1,"R4","D","White Fir"
"236",236,"31.07.2023","predawn","cloudy-clear mixed","LH","E40","58",58,"3:07","3:10",1,"61",61,"3:31","3:33",1,NA,NA,"","",NA,59.5,-5.95,"No",37,4,1,"R4","D","Pedunculate Oak"
"237",237,"31.07.2023","predawn","cloudy-clear mixed","LH","B40","16",16,"3:13","3:15",1,"17",17,"3:28","3:30",1,NA,NA,"","",NA,16.5,-1.65,"No",50,4,2,"R5","D","European Beech"
"238",238,"31.07.2023","predawn","cloudy-clear mixed","LH","E14",">75",NA,"3:16","3:19",1,"75",75,"3:21","3:25",1,NA,NA,"","",NA,75,-7.5,"No",66,4,2,"R7","D","Pedunculate Oak"
"239",239,"31.07.2023","predawn","cloudy-clear mixed","LH","T42","5",5,"4:14","4:16",NA,"7",7,"4:18","4:20",NA,NA,NA,"","",NA,6,-0.6,"No",70,4,2,"R7","D","White Fir"
"240",240,"31.07.2023","predawn","cloudy-clear mixed","LH","D33","10",10,"4:21","4:23",NA,"10",10,"4:25","4:27",NA,NA,NA,"","",NA,10,-1,"No",78,4,2,"R8","D","Douglas Fir"
"241",241,"03.08.2023","midday","sunny, some clouds moving through","MS","T14","7",7,"14:13","14:15",NA,"6,5",6.5,"14:35","14:37",NA,NA,NA,"","",NA,6.75,-0.675,"No",2,5,1,"R1","W","White Fir"
"242",242,"03.08.2023","midday","sunny, some clouds moving through","MS","E22","17",17,"14:16","14:19",1,"",NA,"","",NA,NA,NA,"","",NA,17,-1.7,"No",6,5,1,"R1","W","Pedunculate Oak"
"243",243,"03.08.2023","midday","sunny, some clouds moving through","MS","B17","21",21,"14:26","14:28",1,"",NA,"","",NA,NA,NA,"","",NA,21,-2.1,"No",18,5,1,"R2","W","European Beech"
"244",244,"03.08.2023","midday","sunny, some clouds moving through","MS","D4","14",14,"14:29","14:31",NA,"",NA,"","",NA,NA,NA,"","",NA,14,-1.4,"No",24,5,1,"R3","W","Douglas Fir"
"245",245,"03.08.2023","midday","sunny, some clouds moving through","MS","T33","14",14,"14:33","14:35",NA,"",NA,"","",NA,NA,NA,"","",NA,14,-1.4,"No",49,5,2,"R5","W","White Fir"
"246",246,"03.08.2023","midday","sunny, some clouds moving through","MS","E51","20,5",20.5,"14:22","14:25",1,"",NA,"","",NA,NA,NA,"","",NA,20.5,-2.05,"No",63,5,2,"R7","W","Pedunculate Oak"
"247",247,"03.08.2023","midday","sunny, some clouds moving through","MS","B34","27",27,"14:39","14:42",1,"27",27,"14:42","14:44",1,NA,NA,"","",NA,27,-2.7,"No",67,5,2,"R7","W","European Beech"
"248",248,"03.08.2023","midday","sunny, some clouds moving through","MS","D15","13",13,"14:46","14:47",NA,"",NA,"","",NA,NA,NA,"","",NA,13,-1.3,"No",71,5,2,"R8","W","Douglas Fir"
"249",249,"03.08.2023","midday","sunny, some clouds moving through","MS","B4","26,5",26.5,"14:48","14:52",1,"25,5",25.5,"14:53","14:55",NA,NA,NA,"","",NA,26,-2.6,"No",3,5,1,"R1","D","European Beech"
"250",250,"03.08.2023","midday","sunny, some clouds moving through","MS","T5","17",17,"15:06","15:08",NA,"",NA,"","",NA,NA,NA,"","",NA,17,-1.7,"No",17,5,1,"R2","D","White Fir"
"251",251,"03.08.2023","midday","sunny, some clouds moving through","MS","D31","19",19,"15:00","15:02",NA,"19,5",19.5,"15:03","15:04",NA,NA,NA,"","",NA,19.25,-1.925,"No",27,5,1,"R3","D","Douglas Fir"
"252",252,"03.08.2023","midday","sunny, some clouds moving through","MS","E29","85",85,"15:22","15:26",1,"",NA,"","",NA,NA,NA,"","",NA,85,-8.5,"No",39,5,1,"R4","D","Pedunculate Oak"
"253",253,"03.08.2023","midday","sunny, some clouds moving through","MS","D19","23",23,"14:57","14:59",NA,"",NA,"","",NA,NA,NA,"","",NA,23,-2.3,"No",44,5,2,"R5","D","Douglas Fir"
"254",254,"03.08.2023","midday","sunny, some clouds moving through","MS","E25","67",67,"15:28","15:32",1,"65",65,"15:34","15:38",1,NA,NA,"","",NA,66,-6.6,"No",48,5,2,"R5","D","Pedunculate Oak"
"255",255,"03.08.2023","midday","sunny, some clouds moving through","MS","B38","30,5",30.5,"15:14","15:16",1,"32",32,"15:17","15:19",1,NA,NA,"","",NA,31.25,-3.125,"No",52,5,2,"R6","D","European Beech"
"256",256,"03.08.2023","midday","sunny, some clouds moving through","MS","T21","16,5",16.5,"15:09","15:11",NA,"",NA,"","",NA,NA,NA,"","",NA,16.5,-1.65,"No",54,5,2,"R6","D","White Fir"
"257",257,"04.08.2023","predawn","rainy, cloudy","LH","T14","2",2,"3:34","3:35",NA,"3",3,"3:39","3:40",NA,NA,NA,"","",NA,2.5,-0.25,"No",2,5,1,"R1","W","White Fir"
"258",258,"04.08.2023","predawn","rainy, cloudy","LH","E22","2",2,"2:40","2:43",1,"1",1,"2:45","2:46",1,NA,NA,"","",NA,1.5,-0.15,"No",6,5,1,"R1","W","Pedunculate Oak"
"259",259,"04.08.2023","predawn","rainy, cloudy","LH","B17","2",2,"3:08","3:09",1,"2",2,"3:11","3:13",1,NA,NA,"","",NA,2,-0.2,"No",18,5,1,"R2","W","European Beech"
"260",260,"04.08.2023","predawn","rainy, cloudy","LH","D4","2",2,"3:41","3:42",NA,"2",2,"3:44","3:45",NA,NA,NA,"","",NA,2,-0.2,"No",24,5,1,"R3","W","Douglas Fir"
"261",261,"04.08.2023","predawn","rainy, cloudy","LH","T33","3,5",3.5,"3:46","3:47",NA,"3",3,"3:48","3:50",NA,NA,NA,"","",NA,3.25,-0.325,"No",49,5,2,"R5","W","White Fir"
"262",262,"04.08.2023","predawn","rainy, cloudy","LH","E51","3",3,"2:48","2:49",1,"3",3,"2:50","2:51",1,NA,NA,"","",NA,3,-0.3,"No",63,5,2,"R7","W","Pedunculate Oak"
"263",263,"04.08.2023","predawn","rainy, cloudy","LH","B34","2,5",2.5,"3:14","3:15",1,"2,5",2.5,"3:16","3:17",1,NA,NA,"","",NA,2.5,-0.25,"No",67,5,2,"R7","W","European Beech"
"264",264,"04.08.2023","predawn","rainy, cloudy","LH","D15","2",2,"3:51","3:53",NA,"2",2,"3:54","3:55",NA,NA,NA,"","",NA,2,-0.2,"No",71,5,2,"R8","W","Douglas Fir"
"265",265,"04.08.2023","predawn","rainy, cloudy","LH","B4","8",8,"3:18","3:20",1,"10,5",10.5,"3:21","3:23",1,NA,NA,"","",NA,9.25,-0.925,"No",3,5,1,"R1","D","European Beech"
"266",266,"04.08.2023","predawn","rainy, cloudy","LH","T5","8",8,"3:57","3:59",NA,"8",8,"4:00","4:01",NA,NA,NA,"","",NA,8,-0.8,"No",17,5,1,"R2","D","White Fir"
"267",267,"04.08.2023","predawn","rainy, cloudy","LH","D31","10",10,"4:03","4:05",NA,"",NA,"","",NA,NA,NA,"","",NA,10,-1,"No",27,5,1,"R3","D","Douglas Fir"
"268",268,"04.08.2023","predawn","rainy, cloudy","LH","E29",">65",NA,"2:57","3:01",1,"",NA,"","",NA,NA,NA,"","",NA,NA,NA,"Yes (WP-1)",39,5,1,"R4","D","Pedunculate Oak"
"269",269,"04.08.2023","predawn","rainy, cloudy","LH","D19","16",16,"4:07","4:08",NA,"17",17,"4:10","4:12",NA,NA,NA,"","",NA,16.5,-1.65,"No",44,5,2,"R5","D","Douglas Fir"
"270",270,"04.08.2023","predawn","rainy, cloudy","LH","E25",">62",NA,"3:04","3:06",1,"",NA,"","",NA,NA,NA,"","",NA,NA,NA,"Yes (WP-1)",48,5,2,"R5","D","Pedunculate Oak"
"271",271,"04.08.2023","predawn","rainy, cloudy","LH","B38","16",16,"3:25","3:26",1,"22",22,"3:27","3:39",1,19,19,"3:29","3:31",1,19,-1.9,"No",52,5,2,"R6","D","European Beech"
"272",272,"04.08.2023","predawn","rainy, cloudy","LH","T21","5",5,"4:14","4:16",NA,"10",10,"4:18","4:20",NA,5.5,5.5,"4:21","4:23",NA,6.83333333333333,-0.683333333333333,"No",54,5,2,"R6","D","White Fir"
"273",273,"08.08.2023","predawn","clear sky","LH","T3","3",3,"3:11","3:13",NA,"4",4,"3:15","3:17",NA,NA,NA,"","",NA,3.5,-0.35,"No",4,1,1,"R1","W","White Fir"
"274",274,"08.08.2023","predawn","clear sky","LH","D9","4",4,"3:18","3:19",NA,"4",4,"3:18","3:21",NA,NA,NA,"","",NA,4,-0.4,"No",22,1,1,"R3","W","Douglas Fir"
"275",275,"08.08.2023","predawn","clear sky","LH","E5","2",2,"4:34","4:35",1,"2",2,"4:36","4:37",1,NA,NA,"","",NA,2,-0.2,"No",30,1,1,"R3","W","Pedunculate Oak"
"276",276,"08.08.2023","predawn","clear sky","LH","B3","3",3,"3:58","3:59",1,"3",3,"4:01","4:03",1,4,4,"4:04","4:05",1,3.33333333333333,-0.333333333333333,"No",32,1,1,"R4","W","European Beech"
"277",277,"08.08.2023","predawn","clear sky","LH","D42","3,5",3.5,"3:23","3:25",NA,"4",4,"3:26","3:27",NA,NA,NA,"","",NA,3.75,-0.375,"No",47,1,2,"R5","W","Douglas Fir"
"278",278,"08.08.2023","predawn","clear sky","LH","T1","4",4,"3:29","3:31",NA,"4,5",4.5,"3:32","3:34",NA,NA,NA,"","",NA,4.25,-0.425,"No",75,1,2,"R8","W","White Fir"
"279",279,"08.08.2023","predawn","clear sky","LH","E15","1",1,"4:39","4:40",1,"2",2,"4:41","4:42",1,NA,NA,"","",NA,1.5,-0.15,"No",77,1,2,"R8","W","Pedunculate Oak"
"280",280,"08.08.2023","predawn","clear sky","LH","B23","4",4,"4:06","4:08",1,"3",3,"4:10","4:11",1,NA,NA,"","",NA,3.5,-0.35,"No",79,1,2,"R8","W","European Beech"
"281",281,"08.08.2023","predawn","clear sky","LH","D21","23",23,"3:36","3:38",NA,"23,5",23.5,"3:40","3:42",NA,NA,NA,"","",NA,23.25,-2.325,"No",5,1,1,"R1","D","Douglas Fir"
"282",282,"08.08.2023","predawn","clear sky","LH","B15","6,5",6.5,"4:11","4:13",1,"7,5",7.5,"4:14","4:16",1,7,7,"4:30","4:31",1,7,-0.7,"No",7,1,1,"R1","D","European Beech"
"283",283,"08.08.2023","predawn","clear sky","LH","E25","75",75,"4:44","4:46",1,"",NA,"","",NA,NA,NA,"","",NA,75,-7.5,"No",48,5,2,"R5","D","Pedunculate Oak"
"284",284,"08.08.2023","predawn","clear sky","LH","T31","11",11,"3:44","3:47",NA,"9",9,"3:48","3:50",NA,NA,NA,"","",NA,10,-1,"No",31,1,1,"R4","D","White Fir"
"285",285,"08.08.2023","predawn","clear sky","LH","T45","8,5",8.5,"3:52","3:54",NA,"8,5",8.5,"3:55","3:56",NA,NA,NA,"","",NA,8.5,-0.85,"No",46,1,2,"R5","D","White Fir"
"286",286,"08.08.2023","predawn","clear sky","LH","E20","61",61,"4:54","4:56",1,"60",60,"4:57","4:59",1,NA,NA,"","",NA,60.5,-6.05,"No",74,3,2,"R8","D","Pedunculate Oak"
"287",287,"08.08.2023","predawn","clear sky","LH","D40","23",23,"4:47","4:49",NA,"24",24,"4:50","4:51",NA,NA,NA,"","",NA,23.5,-2.35,"No",62,1,2,"R7","D","Douglas Fir"
"288",288,"08.08.2023","predawn","clear sky","LH","B1","24",24,"4:17","4:26",1,"23,5",23.5,"4:21","4:24",1,25,25,"4:27","4:29",1,24.1666666666667,-2.41666666666667,"No",64,1,2,"R7","D","European Beech"
"289",289,"08.08.2023","midday","sun, cloud mix","MS","T3","(14,0)",14,"12:24","12:26",NA,"9,5",9.5,"12:26","12:28",NA,NA,NA,"","",NA,11.75,-1.175,"No",4,1,1,"R1","W","White Fir"
"290",290,"08.08.2023","midday","sun, cloud mix","MS","D9","14,0",14,"12:28","12:30",NA,"13,5",13.5,"12:32","12:33",NA,NA,NA,"","",NA,13.75,-1.375,"No",22,1,1,"R3","W","Douglas Fir"
"291",291,"08.08.2023","midday","sun, cloud mix","MS","E5","21,5",21.5,"12:35","12:37",1,"",NA,"","",NA,NA,NA,"","",NA,21.5,-2.15,"No",30,1,1,"R3","W","Pedunculate Oak"
"292",292,"08.08.2023","midday","sun, cloud mix","MS","B3","25,0",25,"12:38","12:40",1,"",NA,"","",NA,NA,NA,"","",NA,25,-2.5,"No",32,1,1,"R4","W","European Beech"
"293",293,"08.08.2023","midday","sun, cloud mix","MS","D42","12,5",12.5,"12:55","12:57",NA,"",NA,"","",NA,NA,NA,"","",NA,12.5,-1.25,"No",47,1,2,"R5","W","Douglas Fir"
"294",294,"08.08.2023","midday","sun, cloud mix","MS","T1","15,5",15.5,"12:42","12:44",NA,"16,0",16,"12:44","12:46",NA,NA,NA,"","",NA,15.75,-1.575,"No",75,1,2,"R8","W","White Fir"
"295",295,"08.08.2023","midday","sun, cloud mix","MS","E15","21,0",21,"12:48","12:50",1,"",NA,"","",NA,NA,NA,"","",NA,21,-2.1,"No",77,1,2,"R8","W","Pedunculate Oak"
"296",296,"08.08.2023","midday","sun, cloud mix","MS","B23","25,5",25.5,"12:52","12:53",1,"",NA,"","",NA,NA,NA,"","",NA,25.5,-2.55,"No",79,1,2,"R8","W","European Beech"
"297",297,"08.08.2023","midday","sun, cloud mix","MS","D21","27,5",27.5,"12:59","13:00",NA,"26,0",26,"13:01","13:03",NA,NA,NA,"","",NA,26.75,-2.675,"No",5,1,1,"R1","D","Douglas Fir"
"298",298,"08.08.2023","midday","sun, cloud mix","MS","B15","26,0",26,"13:03","13:06",1,"27,0",27,"13:08","13:10",1,NA,NA,"","",NA,26.5,-2.65,"No",7,1,1,"R1","D","European Beech"
"299",299,"08.08.2023","midday","sun, cloud mix","MS","E25","77,0",77,"13:22","13:26",1,"77,0",77,"13:27","13:30",1,NA,NA,"","",NA,77,-7.7,"No",48,5,2,"R5","D","Pedunculate Oak"
"300",300,"08.08.2023","midday","sun, cloud mix","MS","T31","18,5",18.5,"13:11","13:13",NA,"17,0",17,"13:14","13:16",NA,NA,NA,"","",NA,17.75,-1.775,"No",31,1,1,"R4","D","White Fir"
"301",301,"08.08.2023","midday","sun, cloud mix","MS","T45","16,5",16.5,"13:17","13:19",NA,"15,5",15.5,"13:19","13:21",NA,NA,NA,"","",NA,16,-1.6,"No",46,1,2,"R5","D","White Fir"
"302",302,"08.08.2023","midday","sun, cloud mix","MS","E20","70,0",70,"13:49","13:52",1,"77,0",77,"13:52","13:55",1,NA,NA,"","",NA,73.5,-7.35,"No",74,3,2,"R8","D","Pedunculate Oak"
"303",303,"08.08.2023","midday","sun, cloud mix","MS","D40","28,0",28,"13:32","13:34",NA,"27,5",27.5,"13:34","13:36",NA,NA,NA,"","",NA,27.75,-2.775,"No",62,1,2,"R7","D","Douglas Fir"
"304",304,"08.08.2023","midday","sun, cloud mix","MS","B1","35,0",35,"13:42","13:45",1,"33,0",33,"13:46","13:48",1,NA,NA,"","",NA,34,-3.4,"No",64,1,2,"R7","D","European Beech"
"305",305,"08.08.2023","midday","sun, cloud mix","MS","E35","49,5",49.5,"13:55","13:58",1,"48,0",48,"13:59","14:01",1,NA,NA,"","",NA,48.75,-4.875,"No",21,2,1,"R3","D","Pedunculate Oak"
"306",306,"11.08.2023","predawn","clear sky","LH","B13","2,0",2,"3:39","3:41",1,"",NA,"","",NA,NA,NA,"","",NA,2,-0.2,"No",14,4,1,"R2","W","European Beech"
"307",307,"11.08.2023","predawn","clear sky","LH","B31","2,0",2,"3:42","3:43",1,"",NA,"","",NA,NA,NA,"","",NA,2,-0.2,"No",61,4,2,"R7","W","European Beech"
"308",308,"11.08.2023","predawn","clear sky","LH","E34","3,0",3,"3:44","3:45",1,"",NA,"","",NA,NA,NA,"","",NA,3,-0.3,"No",12,4,1,"R2","W","Pedunculate Oak"
"309",309,"11.08.2023","predawn","clear sky","LH","E13","2,0",2,"3:47","3:48",1,"",NA,"","",NA,NA,NA,"","",NA,2,-0.2,"No",51,4,2,"R6","W","Pedunculate Oak"
"310",310,"11.08.2023","predawn","clear sky","LH","B4","14,0",14,"3:50","3:51",1,"",NA,"","",NA,NA,NA,"","",NA,14,-1.4,"No",3,5,1,"R1","D","European Beech"
"311",311,"11.08.2023","predawn","clear sky","LH","B38","26,0",26,"3:53","3:55",1,"",NA,"","",NA,NA,NA,"","",NA,26,-2.6,"No",52,5,2,"R6","D","European Beech"
"312",312,"11.08.2023","predawn","clear sky","LH","B1","31,0",31,"3:56","3:58",1,"",NA,"","",NA,NA,NA,"","",NA,31,-3.1,"No",64,1,2,"R7","D","European Beech"
"313",313,"11.08.2023","predawn","clear sky","LH","B40","26,5",26.5,"3:59","4:01",1,"31,0",31,"4:02","4:04",1,29,29,"4:05","4:07",1,28.8333333333333,-2.88333333333333,"No",50,4,2,"R5","D","European Beech"
"314",314,"11.08.2023","predawn","clear sky","LH","B24",">90",NA,"4:11","4:14",1,">90",NA,"4:16","4:19",1,NA,NA,"","",NA,NA,NA,"Yes (WP-1; WP-2)",29,4,1,"R3","D","European Beech"
"315",315,"11.08.2023","predawn","clear sky","LH","E25",">90",NA,"4:20","4:23",1,"",NA,"","",NA,NA,NA,"","",NA,NA,NA,"Yes (WP-1)",48,5,2,"R5","D","Pedunculate Oak"
"316",316,"11.08.2023","predawn","clear sky","LH","E35",">90",NA,"4:25","4:28",1,"",NA,"","",NA,NA,NA,"","",NA,NA,NA,"Yes (WP-1)",21,2,1,"R3","D","Pedunculate Oak"
"317",317,"11.08.2023","predawn","clear sky","LH","E20",NA,NA,"","",NA,"",NA,"","",NA,NA,NA,"","",NA,NA,NA,"No",74,3,2,"R8","D","Pedunculate Oak"
"318",318,"11.08.2023","predawn","clear sky","LH","B27","13,0",13,"4:32","4:34",1,"",NA,"","",NA,NA,NA,"","",NA,13,-1.3,"No",1,2,1,"R1","D","European Beech"
"319",319,"11.08.2023","predawn","clear sky","LH","B26","13,0",13,"4:35","4:36",1,"",NA,"","",NA,NA,NA,"","",NA,13,-1.3,"No",58,3,2,"R6","D","European Beech"
"320",320,"11.08.2023","midday","sunny","LH","B13","33",33,"12:16","12:19",1,"28",28,"12:24","12:26",1,NA,NA,"","",NA,30.5,-3.05,"No",14,4,1,"R2","W","European Beech"
"321",321,"11.08.2023","midday","sunny","LH","B31","21",21,"12:20","12:22",1,"20",20,"12:49","12:50",1,NA,NA,"","",NA,20.5,-2.05,"No",61,4,2,"R7","W","European Beech"
"322",322,"11.08.2023","midday","sunny","LH","E34",NA,NA,"","",NA,"",NA,"","",NA,NA,NA,"","",NA,NA,NA,"No",12,4,1,"R2","W","Pedunculate Oak"
"323",323,"11.08.2023","midday","sunny","LH","E13",NA,NA,"","",NA,"",NA,"","",NA,NA,NA,"","",NA,NA,NA,"No",51,4,2,"R6","W","Pedunculate Oak"
"324",324,"11.08.2023","midday","sunny","LH","B4","23",23,"12:26","12:28",1,"",NA,"","",NA,NA,NA,"","",NA,23,-2.3,"No",3,5,1,"R1","D","European Beech"
"325",325,"11.08.2023","midday","sunny","LH","B38","38",38,"12:29","12:30",1,"",NA,"","",NA,NA,NA,"","",NA,38,-3.8,"No",52,5,2,"R6","D","European Beech"
"326",326,"11.08.2023","midday","sunny","LH","B1","36",36,"12:31","12:33",1,"",NA,"","",NA,NA,NA,"","",NA,36,-3.6,"No",64,1,2,"R7","D","European Beech"
"327",327,"11.08.2023","midday","sunny","LH","B40","36",36,"12:34","12:35",1,"",NA,"","",NA,NA,NA,"","",NA,36,-3.6,"No",50,4,2,"R5","D","European Beech"
"328",328,"11.08.2023","midday","sunny","LH","B24",NA,NA,"","",NA,"",NA,"","",NA,NA,NA,"","",NA,NA,NA,"No",29,4,1,"R3","D","European Beech"
"329",329,"11.08.2023","midday","sunny","LH","B25",NA,NA,"","",NA,"",NA,"","",NA,NA,NA,"","",NA,NA,NA,"No",NA,NA,NA,NA,NA,NA
"330",330,"11.08.2023","midday","sunny","LH","E35",NA,NA,"","",NA,"",NA,"","",NA,NA,NA,"","",NA,NA,NA,"No",21,2,1,"R3","D","Pedunculate Oak"
"331",331,"11.08.2023","midday","sunny","LH","E20",NA,NA,"","",NA,"",NA,"","",NA,NA,NA,"","",NA,NA,NA,"No",74,3,2,"R8","D","Pedunculate Oak"
"332",332,"11.08.2023","midday","sunny","LH","B27","15",15,"12:36","12:38",1,"28",28,"12:40","12:42",1,31,31,"12:43","12:45",NA,24.6666666666667,-2.46666666666667,"No",1,2,1,"R1","D","European Beech"
"333",333,"11.08.2023","midday","sunny","LH","B26","24,5",24.5,"12:39","12:40",1,"24,5",24.5,"12:53","12:55",1,NA,NA,"","",NA,24.5,-2.45,"No",58,3,2,"R6","D","European Beech"
"334",334,"18.08.2023","predawn","clear sky","LH","B2","2,5",2.5,"5:18","5:20",1,"3",3,"5:43","5:45",1,NA,NA,"","",NA,2.75,-0.275,"No",26,2,1,"R3","W","European Beech"
"335",335,"18.08.2023","predawn","clear sky","LH","D3","4",4,"5:16","5:18",NA,"3",3,"5:46","5:48",NA,NA,NA,"","",NA,3.5,-0.35,"No",38,2,1,"R4","W","Douglas Fir"
"336",336,"18.08.2023","predawn","clear sky","LH","T10","13",13,"5:07","5:09",NA,"5",5,"5:10","5:12",NA,6,6,"5:13","5:14",NA,8,-0.8,"No",40,2,1,"R4","W","White Fir"
"337",337,"18.08.2023","predawn","clear sky","LH","T25","6",6,"5:04","5:06",NA,"4",4,"5:49","5:51",NA,NA,NA,"","",NA,5,-0.5,"No",41,2,2,"R5","W","White Fir"
"338",338,"18.08.2023","predawn","clear sky","LH","D25","4",4,"5:01","5:03",NA,"3",3,"5:55","5:57",NA,NA,NA,"","",NA,3.5,-0.35,"No",55,2,2,"R6","W","Douglas Fir"
"339",339,"18.08.2023","predawn","clear sky","LH","B43","3",3,"4:49","5:00",1,"2,5",2.5,"5:52","5:54",1,NA,NA,"","",NA,2.75,-0.275,"No",73,2,2,"R8","W","European Beech"
"340",340,"18.08.2023","predawn","clear sky","LH","B27","14",14,"4:33","4:35",1,"",NA,"","",NA,NA,NA,"","",NA,14,-1.4,"No",1,2,1,"R1","D","European Beech"
"341",341,"18.08.2023","predawn","clear sky","LH","D7","37",37,"4:55","4:58",NA,"",NA,"","",NA,NA,NA,"","",NA,37,-3.7,"No",13,2,1,"R2","D","Douglas Fir"
"342",342,"18.08.2023","predawn","clear sky","LH","T28","15",15,"4:52","4:54",NA,"15",15,"5:33","5:35",NA,NA,NA,"","",NA,15,-1.5,"No",25,2,1,"R3","D","White Fir"
"343",343,"18.08.2023","predawn","clear sky","LH","B4","16",16,"5:37","5:39",1,"",NA,"","",NA,NA,NA,"","",NA,16,-1.6,"No",3,5,1,"R1","D","European Beech"
"344",344,"18.08.2023","predawn","clear sky","LH","B37","36",36,"4:36","4:38",1,"",NA,"","",NA,NA,NA,"","",NA,36,-3.6,"No",56,2,2,"R6","D","European Beech"
"345",345,"18.08.2023","predawn","clear sky","LH","T44","16",16,"4:46","4:51",NA,"11",11,"5:26","5:28",NA,NA,NA,"","",NA,13.5,-1.35,"No",68,2,2,"R7","D","White Fir"
"346",346,"18.08.2023","predawn","clear sky","LH","D35",">65",NA,"4:42","4:44",NA,"",NA,"","",NA,NA,NA,"","",NA,NA,NA,"Yes (WP-1)",80,2,2,"R8","D","Douglas Fir"
"347",347,"18.08.2023","predawn","clear sky","LH","B15","15,5",15.5,"4:40","4:41",1,"15",15,"5:23","5:24",1,NA,NA,"","",NA,15.25,-1.525,"No",7,1,1,"R1","D","European Beech"
"348",348,"18.08.2023","midday","sunny, clear sky","LH","B2","30",30,"14:12","14:14",1,"",NA,"","",NA,NA,NA,"","",NA,30,-3,"No",26,2,1,"R3","W","European Beech"
"349",349,"18.08.2023","midday","sunny, clear sky","LH","D3","14",14,"14:25","14:27",NA,"",NA,"","",NA,NA,NA,"","",NA,14,-1.4,"No",38,2,1,"R4","W","Douglas Fir"
"350",350,"18.08.2023","midday","sunny, clear sky","LH","T10","10",10,"14:47","14:49",NA,"",NA,"","",NA,NA,NA,"","",NA,10,-1,"No",40,2,1,"R4","W","White Fir"
"351",351,"18.08.2023","midday","sunny, clear sky","LH","T25","9",9,"14:50","14:51",NA,"",NA,"","",NA,NA,NA,"","",NA,9,-0.9,"No",41,2,2,"R5","W","White Fir"
"352",352,"18.08.2023","midday","sunny, clear sky","LH","D25","11,5",11.5,"14:28","14:30",NA,"",NA,"","",NA,NA,NA,"","",NA,11.5,-1.15,"No",55,2,2,"R6","W","Douglas Fir"
"353",353,"18.08.2023","midday","sunny, clear sky","LH","B43","29",29,"14:15","14:17",1,"",NA,"","",NA,NA,NA,"","",NA,29,-2.9,"No",73,2,2,"R8","W","European Beech"
"354",354,"18.08.2023","midday","sunny, clear sky","LH","B27","27",27,"14:18","14:19",1,"",NA,"","",NA,NA,NA,"","",NA,27,-2.7,"No",1,2,1,"R1","D","European Beech"
"355",355,"18.08.2023","midday","sunny, clear sky","LH","D7","34",34,"14:30","14:32",NA,"",NA,"","",NA,NA,NA,"","",NA,34,-3.4,"No",13,2,1,"R2","D","Douglas Fir"
"356",356,"18.08.2023","midday","sunny, clear sky","LH","T28","23",23,"14:43","14:45",NA,"",NA,"","",NA,NA,NA,"","",NA,23,-2.3,"No",25,2,1,"R3","D","White Fir"
"357",357,"18.08.2023","midday","sunny, clear sky","LH","B37","50",50,"14:20","14:21",1,"",NA,"","",NA,NA,NA,"","",NA,50,-5,"No",56,2,2,"R6","D","European Beech"
"358",358,"18.08.2023","midday","sunny, clear sky","LH","T44","23",23,"14:37","14:40",NA,"24",24,"14:41","14:43",NA,NA,NA,"","",NA,23.5,-2.35,"No",68,2,2,"R7","D","White Fir"
"359",359,"18.08.2023","midday","sunny, clear sky","LH","D35",">79",NA,"14:33","14:36",NA,"",NA,"","",NA,NA,NA,"","",NA,NA,NA,"Yes (WP-1)",80,2,2,"R8","D","Douglas Fir"
"360",360,"18.08.2023","midday","sunny, clear sky","LH","B15","30",30,"14:22","14:24",1,"",NA,"","",NA,NA,NA,"","",NA,30,-3,"No",7,1,1,"R1","D","European Beech"
"361",361,"22.08.2023","predawn","clear sky, really warm +20°C","LH","B44","2,5",2.5,"3:51","3:52",1,"2,5",2.5,"3:53","3:54",1,NA,NA,"","",NA,2.5,-0.25,"No",10,3,1,"R1","W","European Beech"
"362",362,"22.08.2023","predawn","clear sky, really warm +20°C","LH","D39","3,5",3.5,"3:34","3:35",NA,"",NA,"","",NA,NA,NA,"","",NA,3.5,-0.35,"No",16,3,1,"R2","W","Douglas Fir"
"363",363,"22.08.2023","predawn","clear sky, really warm +20°C","LH","T2","4",4,"3:41","3:43",NA,"3,5",3.5,"3:44","3:45",NA,NA,NA,"","",NA,3.75,-0.375,"No",36,3,1,"R4","W","White Fir"
"364",364,"22.08.2023","predawn","clear sky, really warm +20°C","LH","T29","3,5",3.5,"3:46","3:47",NA,"3",3,"3:49","3:50",NA,NA,NA,"","",NA,3.25,-0.325,"No",43,3,2,"R5","W","White Fir"
"365",365,"22.08.2023","predawn","clear sky, really warm +20°C","LH","D28","3",3,"3:36","3:37",NA,"3",3,"3:39","3:40",NA,NA,NA,"","",NA,3,-0.3,"No",59,3,2,"R6","W","Douglas Fir"
"366",366,"22.08.2023","predawn","clear sky, really warm +20°C","LH","B30","2,5",2.5,"3:55","3:56",1,"2",2,"3:57","3:58",1,NA,NA,"","",NA,2.25,-0.225,"No",65,3,2,"R7","W","European Beech"
"367",367,"22.08.2023","predawn","clear sky, really warm +20°C","LH","D43","19",19,"4:14","4:15",NA,"",NA,"","",NA,NA,NA,"","",NA,19,-1.9,"No",9,3,1,"R1","D","Douglas Fir"
"368",368,"22.08.2023","predawn","clear sky, really warm +20°C","LH","T4","13",13,"4:00","4:02",NA,"12",12,"4:07","4:09",NA,NA,NA,"","",NA,12.5,-1.25,"No",19,3,1,"R2","D","White Fir"
"369",369,"22.08.2023","predawn","clear sky, really warm +20°C","LH","B35","52",52,"4:18","4:20",1,"",NA,"","",NA,NA,NA,"","",NA,52,-5.2,"No",35,3,1,"R4","D","European Beech"
"370",370,"22.08.2023","predawn","clear sky, really warm +20°C","LH","T6","21",21,"4:02","4:04",NA,"",NA,"","",NA,NA,NA,"","",NA,21,-2.1,"No",72,3,2,"R8","D","White Fir"
"371",371,"22.08.2023","predawn","clear sky, really warm +20°C","LH","D33","39",39,"4:16","4:17",NA,"",NA,"","",NA,NA,NA,"","",NA,39,-3.9,"No",78,4,2,"R8","D","Douglas Fir"
"372",372,"22.08.2023","predawn","clear sky, really warm +20°C","LH","B27","11",11,"4:23","4:29",1,"18",18,"4:30","4:32",NA,NA,NA,"","",1,14.5,-1.45,"No",1,2,1,"R1","D","European Beech"
"373",373,"22.08.2023","predawn","clear sky, really warm +20°C","LH","B4","23",23,"4:25","4:26",1,"",NA,"","",NA,NA,NA,"","",NA,23,-2.3,"No",3,5,1,"R1","D","European Beech"
"374",374,"22.08.2023","predawn","clear sky, really warm +20°C","LH","B15","15",15,"4:27","4:28",1,"",NA,"","",NA,NA,NA,"","",NA,15,-1.5,"No",7,1,1,"R1","D","European Beech"
"375",375,"22.08.2023","midday","sunny","LH","B44","27",27,"12:25","12:26",NA,"",NA,"","",NA,NA,NA,"","",NA,27,-2.7,"No",10,3,1,"R1","W","European Beech"
"376",376,"22.08.2023","midday","sunny","LH","D39","11",11,"12:30","12:31",NA,"",NA,"","",NA,NA,NA,"","",NA,11,-1.1,"No",16,3,1,"R2","W","Douglas Fir"
"377",377,"22.08.2023","midday","sunny","LH","T2","14,5",14.5,"12:33","12:34",NA,"",NA,"","",NA,NA,NA,"","",NA,14.5,-1.45,"No",36,3,1,"R4","W","White Fir"
"378",378,"22.08.2023","midday","sunny","LH","T29","11,5",11.5,"12:35","12:36",NA,"",NA,"","",NA,NA,NA,"","",NA,11.5,-1.15,"No",43,3,2,"R5","W","White Fir"
"379",379,"22.08.2023","midday","sunny","LH","D28","9",9,"12:43","12:44",NA,"",NA,"","",NA,NA,NA,"","",NA,9,-0.9,"No",59,3,2,"R6","W","Douglas Fir"
"380",380,"22.08.2023","midday","sunny","LH","B30","27",27,"12:26","12:28",1,"",NA,"","",NA,NA,NA,"","",NA,27,-2.7,"No",65,3,2,"R7","W","European Beech"
"381",381,"22.08.2023","midday","sunny","LH","D43","30",30,"11:57","11:59",NA,"",NA,"","",NA,NA,NA,"","",NA,30,-3,"No",9,3,1,"R1","D","Douglas Fir"
"382",382,"22.08.2023","midday","sunny","LH","T4","18",18,"12:00","12:02",NA,"",NA,"","",NA,NA,NA,"","",NA,18,-1.8,"No",19,3,1,"R2","D","White Fir"
"383",383,"22.08.2023","midday","sunny","LH","B35","48",48,"12:10","12:12",1,"50,5",50.5,"12:19","12:20",1,NA,NA,"","",NA,49.25,-4.925,"No",35,3,1,"R4","D","European Beech"
"384",384,"22.08.2023","midday","sunny","LH","T6","8",8,"12:03","12:05",NA,"23",23,"12:07","12:09",NA,NA,NA,"","",NA,15.5,-1.55,"No",72,3,2,"R8","D","White Fir"
"385",385,"22.08.2023","midday","sunny","LH","D33","47",47,"11:54","11:56",NA,"",NA,"","",NA,NA,NA,"","",NA,47,-4.7,"No",78,4,2,"R8","D","Douglas Fir"
"386",386,"22.08.2023","midday","sunny","LH","B27","31",31,"12:19","12:15",1,"",NA,"","",NA,NA,NA,"","",NA,31,-3.1,"No",1,2,1,"R1","D","European Beech"
"387",387,"22.08.2023","midday","sunny","LH","B4","37",37,"12:16","12:17",1,"",NA,"","",NA,NA,NA,"","",NA,37,-3.7,"No",3,5,1,"R1","D","European Beech"
"388",388,"22.08.2023","midday","sunny","LH","B15","32",32,"12:22","12:23",1,"",NA,"","",NA,NA,NA,"","",NA,32,-3.2,"No",7,1,1,"R1","D","European Beech"
"389",389,"05.09.2023","midday","sunny","MS","B27","37,5",37.5,"12:40","12:46",1,"38,50",38.5,"12:48","12:51",NA,NA,NA,"","",NA,38,-3.8,"No",1,2,1,"R1","D","European Beech"
"390",390,"05.09.2023","midday","sunny","MS","B4","41,5",41.5,"12:52","12:55",1,"39,50",39.5,"12:56","12:58",NA,NA,NA,"","",NA,40.5,-4.05,"No",3,5,1,"R1","D","European Beech"
"391",391,"05.09.2023","midday","sunny","MS","B15","34,5",34.5,"12:59","13:01",1,"32,50",32.5,"13:03","13:04",NA,NA,NA,"","",NA,33.5,-3.35,"No",7,1,1,"R1","D","European Beech"
"392",392,"05.09.2023","midday","sunny","MS","D43","27,50",27.5,"13:11","13:13",NA,"29,00",29,"13:17","13:18",NA,NA,NA,"","",NA,28.25,-2.825,"No",9,3,1,"R1","D","Douglas Fir"
"393",393,"05.09.2023","midday","sunny","MS","D41","29,50",29.5,"13:20","13:22",NA,"29,50",29.5,"13:23","13:25",NA,NA,NA,"","",NA,29.5,-2.95,"No",11,4,1,"R2","D","Douglas Fir"
"394",394,"05.09.2023","midday","sunny","MS","D7",">80",NA,"13:26","13:32",NA,">80",NA,"13:33","13:37",NA,NA,NA,"","",NA,NA,NA,"Yes (WP-1; WP-2)",13,2,1,"R2","D","Douglas Fir"
"395",395,"05.09.2023","midday","sunny","MS","T5","20",20,"14:15","14:17",NA,"20,50",20.5,"14:17","14:19",NA,NA,NA,"","",NA,20.25,-2.025,"No",17,5,1,"R2","D","White Fir"
"396",396,"05.09.2023","midday","sunny","MS","T4","22",22,"14:21","14:22",NA,"22,00",22,"14:23","14:25",NA,NA,NA,"","",NA,22,-2.2,"No",19,3,1,"R2","D","White Fir"
"397",397,"05.09.2023","midday","sunny","MS","T28","21,5",21.5,"13:46","13:48",NA,"21,50",21.5,"13:49","13:50",NA,NA,NA,"","",NA,21.5,-2.15,"No",25,2,1,"R3","D","White Fir"
"398",398,"05.09.2023","midday","sunny","MS","D31","30,5",30.5,"13:53","13:55",NA,"30,00",30,"13:56","13:58",NA,NA,NA,"","",NA,30.25,-3.025,"No",27,5,1,"R3","D","Douglas Fir"
"399",399,"05.09.2023","midday","sunny","MS","T31","21",21,"13:58","14:00",NA,"21,00",21,"14:01","14:03",NA,NA,NA,"","",NA,21,-2.1,"No",31,1,1,"R4","D","White Fir"
"400",400,"05.09.2023","midday","sunny","MS","T43","21",21,"14:06","14:07",NA,"19,00",19,"14:07","14:09",NA,NA,NA,"","",NA,20,-2,"No",33,4,1,"R4","D","White Fir"
"401",401,"05.09.2023","midday","sunny","MS","T45","24",24,"14:30","14:32",NA,"25,00",25,"14:32","14:34",NA,NA,NA,"","",NA,24.5,-2.45,"No",46,1,2,"R5","D","White Fir"
"402",402,"05.09.2023","midday","sunny","MS","T21","20,5",20.5,"14:36","14:38",NA,"20,50",20.5,"14:38","14:40",NA,NA,NA,"","",NA,20.5,-2.05,"No",54,5,2,"R6","D","White Fir"
"403",403,"05.09.2023","midday","sunny","MS","D40","geschätzt >80",NA,"","",NA,"",NA,"","",NA,NA,NA,"","",NA,NA,NA,"Yes (WP-1)",62,1,2,"R7","D","Douglas Fir"
"404",404,"05.09.2023","midday","sunny","MS","T44","18",18,"14:44","14:45",NA,"18,00",18,"14:45","14:47",NA,NA,NA,"","",NA,18,-1.8,"No",68,2,2,"R7","D","White Fir"
"405",405,"05.09.2023","midday","sunny","MS","B44","27,50",27.5,"13:05","13:07",1,"25,00",25,"13:08","13:09",NA,NA,NA,"","",NA,26.25,-2.625,"No",10,3,1,"R1","W","European Beech"
"406",406,"05.09.2023","midday","sunny","MS","D9","10",10,"13:39","13:40",NA,"11,50",11.5,"13:41","13:42",NA,NA,NA,"","",NA,10.75,-1.075,"No",22,1,1,"R3","W","Douglas Fir"
"407",407,"05.09.2023","midday","sunny","MS","T10","9,50",9.5,"14:11","14:12",NA,"9,50",9.5,"14:12","14:13",NA,NA,NA,"","",NA,9.5,-0.95,"No",40,2,1,"R4","W","White Fir"
"408",408,"05.09.2023","midday","sunny","MS","T42","17",17,"14:50","14:51",NA,"17,00",17,"14:52","14:53",NA,NA,NA,"","",NA,17,-1.7,"No",70,4,2,"R7","D","White Fir"
"409",409,"05.09.2023","midday","sunny","MS","T6","24,00",24,"14:54","14:56",NA,"23,50",23.5,"14:56","14:58",NA,NA,NA,"","",NA,23.75,-2.375,"No",72,3,2,"R8","D","White Fir"
"410",410,"05.09.2023","midday","sunny","MS","D33","geschätzt >80",NA,"","",NA,"",NA,"","",NA,NA,NA,"","",NA,NA,NA,"Yes (WP-1)",78,4,2,"R8","D","Douglas Fir"
